{
  "1": {
    "id": "1",
    "from": "db.accommodation_types",
    "title": "Caravan",
    "legacy_uid": "blt8ac14c008b41f588",
    "legacy_updated_at": "2022-10-04T09:58:40.631Z",
    "global_uid": "blt7350b36ebc612960",
    "global_updated_at": "2022-12-15T15:41:12.004Z",
    "parkholidays_uid": "blt6af72e1c13e26dea",
    "parkholidays_updated_at": "2022-12-15T15:41:13.271Z",
    "parkleisure_uid": "blt355405a505362b38",
    "parkleisure_updated_at": "2022-12-15T15:41:14.518Z"
  },
  "2": {
    "id": "2",
    "from": "db.accommodation_types",
    "title": "Lodge",
    "legacy_uid": "blt1fbf547261d2fed5",
    "legacy_updated_at": "2022-10-04T09:58:42.110Z",
    "global_uid": "blt43578c084df35b4f",
    "global_updated_at": "2022-12-15T15:41:01.779Z",
    "parkholidays_uid": "blt26fae61ac1879731",
    "parkholidays_updated_at": "2022-12-15T15:41:03.105Z",
    "parkleisure_uid": "blt6f4c3bf59acb9449",
    "parkleisure_updated_at": "2022-12-15T15:41:04.243Z"
  },
  "3": {
    "id": "3",
    "from": "db.accommodation_types",
    "title": "Chalet",
    "legacy_uid": "blt2cdbaaf03f12b97b",
    "legacy_updated_at": "2022-11-21T11:59:08.046Z",
    "global_uid": "blt62bb68a8882b860d",
    "global_updated_at": "2022-12-15T15:39:18.306Z",
    "parkholidays_uid": "blt40e3616458514f26",
    "parkholidays_updated_at": "2022-12-15T15:39:19.670Z",
    "parkleisure_uid": "blt34427a2f5f698866",
    "parkleisure_updated_at": "2022-12-15T15:39:20.911Z"
  },
  "4": {
    "from": "db.accommodation_types",
    "duplicateId": "12",
    "id": "4",
    "title": "Cottage",
    "legacy_uid": "blt4d5fc6788414d3d7",
    "legacy_updated_at": "2022-10-04T09:58:50.943Z",
    "global_uid": "bltb51268e7833d7440",
    "global_updated_at": "2022-12-15T15:39:59.699Z",
    "parkholidays_uid": "blt48a4b6b353f5f51c",
    "parkholidays_updated_at": "2022-12-15T15:40:01.078Z",
    "parkleisure_uid": "blte2e050d319963fcb",
    "parkleisure_updated_at": "2022-12-15T15:40:02.315Z"
  },
  "5": {
    "id": "5",
    "from": "db.accommodation_types",
    "title": "Apartment",
    "legacy_uid": "blt66e02afc0cef5428",
    "legacy_updated_at": "2022-10-04T09:58:43.569Z",
    "global_uid": "blt19dca0cadeceb8ed",
    "global_updated_at": "2022-12-15T15:53:00.178Z",
    "parkholidays_uid": "blt4ce86b99dc965553",
    "parkholidays_updated_at": "2022-12-15T15:40:52.853Z",
    "parkleisure_uid": "bltf360e1b9ec50e0c4",
    "parkleisure_updated_at": "2022-12-15T15:40:54.034Z"
  },
  "7": {
    "id": "7",
    "from": "db.accommodation_types",
    "title": "Bedroom suite",
    "legacy_uid": "blt125665eb0d88bb97",
    "legacy_updated_at": "2022-11-21T11:59:10.257Z",
    "global_uid": "blt0fa1f3b17c31746a",
    "global_updated_at": "2022-12-15T15:39:07.969Z",
    "parkholidays_uid": "blt92edcf3a385c8cfb",
    "parkholidays_updated_at": "2022-12-15T15:39:10.108Z",
    "parkleisure_uid": "bltdf06d4845cc4da34",
    "parkleisure_updated_at": "2022-12-15T15:39:11.264Z"
  },
  "8": {
    "id": "8",
    "from": "db.accommodation_types",
    "title": "Pitch",
    "legacy_uid": "blt30db76fc22af9e4a",
    "legacy_updated_at": "2022-10-04T09:58:45.029Z",
    "global_uid": "blt6abf1230c5208e22",
    "global_updated_at": "2022-12-15T15:40:41.105Z",
    "parkholidays_uid": "blt1c98325f5cdd3ffc",
    "parkholidays_updated_at": "2022-12-15T15:40:42.627Z",
    "parkleisure_uid": "blt41007039a51c070a",
    "parkleisure_updated_at": "2022-12-15T15:40:43.681Z"
  },
  "9": {
    "id": "9",
    "from": "db.accommodation_types",
    "title": "Other",
    "legacy_uid": "bltddfe15f7b98089cb",
    "legacy_updated_at": "2022-10-04T09:58:46.504Z",
    "global_uid": "blt436fb0a0eb3a564d",
    "global_updated_at": "2022-12-15T15:40:30.744Z",
    "parkholidays_uid": "blt670519202817cb49",
    "parkholidays_updated_at": "2022-12-15T15:40:32.088Z",
    "parkleisure_uid": "bltc4cb06cbbbf60a7b",
    "parkleisure_updated_at": "2022-12-15T15:40:33.312Z"
  },
  "10": {
    "id": "10",
    "from": "db.accommodation_types",
    "title": "Camping Pod",
    "legacy_uid": "blte70dd9e98858b45f",
    "legacy_updated_at": "2022-10-04T09:58:47.982Z",
    "global_uid": "blt30e92c8617de29f9",
    "global_updated_at": "2022-12-15T15:52:49.721Z",
    "parkholidays_uid": "blt0d6f54af009c7c6b",
    "parkholidays_updated_at": "2022-12-15T15:40:21.635Z",
    "parkleisure_uid": "blt18b5c5b3678fc4bb",
    "parkleisure_updated_at": "2022-12-15T15:40:22.843Z"
  },
  "11": {
    "id": "11",
    "from": "db.accommodation_types",
    "title": "Luxury Apartments",
    "legacy_uid": "bltf6d41cadd7b6bdca",
    "legacy_updated_at": "2022-10-04T09:58:49.462Z",
    "global_uid": "blt057677b1dbad0859",
    "global_updated_at": "2022-12-15T15:40:09.994Z",
    "parkholidays_uid": "bltdf4550a50a776167",
    "parkholidays_updated_at": "2022-12-15T15:40:11.336Z",
    "parkleisure_uid": "blt4aa6061813ad3949",
    "parkleisure_updated_at": "2022-12-15T15:40:12.583Z"
  },
  "12": {
    "id": "12",
    "from": "db.accommodation_types",
    "title": "Cottage",
    "legacy_uid": "blt4d5fc6788414d3d7",
    "legacy_updated_at": "2022-10-04T09:58:50.943Z",
    "global_uid": "bltb51268e7833d7440",
    "global_updated_at": "2022-12-15T15:39:59.699Z",
    "parkholidays_uid": "blt48a4b6b353f5f51c",
    "parkholidays_updated_at": "2022-12-15T15:40:01.078Z",
    "parkleisure_uid": "blte2e050d319963fcb",
    "parkleisure_updated_at": "2022-12-15T15:40:02.315Z"
  },
  "13": {
    "id": "13",
    "from": "db.accommodation_types",
    "title": "Glamping",
    "legacy_uid": "bltbb2b4ddcc3033698",
    "legacy_updated_at": "2022-10-04T09:58:52.388Z",
    "global_uid": "bltf1277c9467fa7b5a",
    "global_updated_at": "2022-12-15T15:39:49.206Z",
    "parkholidays_uid": "blt7e19d95bea965258",
    "parkholidays_updated_at": "2022-12-15T15:39:50.567Z",
    "parkleisure_uid": "blt24898e1002c23469",
    "parkleisure_updated_at": "2022-12-15T15:39:51.833Z"
  },
  "14": {
    "id": "14",
    "from": "db.accommodation_types",
    "title": "Villa",
    "legacy_uid": "blte462cedcfe99557f",
    "legacy_updated_at": "2022-11-21T09:39:07.879Z",
    "global_uid": "bltfacf3f1e511ee121",
    "global_updated_at": "2022-12-15T15:39:38.884Z",
    "parkholidays_uid": "blt04884ed2a530f185",
    "parkholidays_updated_at": "2022-12-15T15:39:40.169Z",
    "parkleisure_uid": "bltb79d2b26e9595192",
    "parkleisure_updated_at": "2022-12-15T15:39:41.375Z"
  },
  "15": {
    "id": "15",
    "from": "db.accommodation_types",
    "title": "Bungalow",
    "legacy_uid": "blt22913fb31dc59f4a",
    "legacy_updated_at": "2022-11-21T09:39:09.380Z",
    "global_uid": "bltc398c368343af974",
    "global_updated_at": "2022-12-15T15:39:28.593Z",
    "parkholidays_uid": "blta0e3cfa8318d585c",
    "parkholidays_updated_at": "2022-12-15T15:39:30.177Z",
    "parkleisure_uid": "bltcee7193316a38108",
    "parkleisure_updated_at": "2022-12-15T15:39:31.195Z"
  }
}