{
  "0": {
    "id": "0",
    "from": "db.grading",
    "title": "Other",
    "legacy_uid": "bltbbef90ee3d507caf",
    "legacy_updated_at": "2022-12-15T13:58:39.953Z",
    "parkholidays_uid": "blta9722f4a88f5ffa6",
    "parkholidays_updated_at": "2022-12-16T10:42:01.027Z"
  },
  "1": {
    "id": "1",
    "from": "db.grading",
    "title": "Bronze",
    "legacy_uid": "blt650d376b89c3a515",
    "legacy_updated_at": "2022-12-15T13:58:03.398Z",
    "parkholidays_uid": "blt29163859f557a422",
    "parkholidays_updated_at": "2022-12-16T10:42:07.092Z"
  },
  "2": {
    "id": "2",
    "from": "db.grading",
    "title": "Bronze Plus",
    "legacy_uid": "blta44a5f2d025a4134",
    "legacy_updated_at": "2022-12-15T13:57:44.859Z",
    "parkholidays_uid": "blt45010681545e44b6",
    "parkholidays_updated_at": "2022-12-16T10:42:13.388Z"
  },
  "3": {
    "id": "3",
    "from": "db.grading",
    "title": "Silver",
    "legacy_uid": "blt91c11cecfea2ee20",
    "legacy_updated_at": "2022-12-15T13:52:53.393Z",
    "parkholidays_uid": "blt5502821b44efd949",
    "parkholidays_updated_at": "2022-12-16T10:42:38.056Z"
  },
  "4": {
    "id": "4",
    "from": "db.grading",
    "title": "Silver Plus",
    "legacy_uid": "blt5f00170d0597e52c",
    "legacy_updated_at": "2022-12-15T13:53:52.371Z",
    "parkholidays_uid": "bltd270c25d8e10df62",
    "parkholidays_updated_at": "2022-12-16T10:42:19.490Z"
  },
  "5": {
    "id": "5",
    "from": "db.grading",
    "title": "Gold",
    "legacy_uid": "blt8c0d221ee56e1ee1",
    "legacy_updated_at": "2022-12-15T13:42:17.372Z",
    "parkholidays_uid": "blt0e8a98c3d3c41e0d",
    "parkholidays_updated_at": "2022-12-16T10:42:44.239Z"
  },
  "6": {
    "id": "6",
    "from": "db.grading",
    "title": "Gold Plus",
    "legacy_uid": "blta190792bfa10a4e2",
    "legacy_updated_at": "2022-12-15T13:53:34.158Z",
    "parkholidays_uid": "blta074ff9372a8a490",
    "parkholidays_updated_at": "2022-12-16T10:42:25.581Z"
  },
  "7": {
    "id": "7",
    "from": "db.grading",
    "title": "Platinum & Luxury",
    "legacy_uid": "blt71aa5753bdc4bd4d",
    "legacy_updated_at": "2022-12-15T13:53:11.032Z",
    "parkholidays_uid": "bltdb9ab752b05ec998",
    "parkholidays_updated_at": "2022-12-16T10:42:31.648Z"
  },
  "8": {
    "id": "8",
    "from": "db.grading",
    "title": "Glamping",
    "legacy_uid": "blt0bc18daffed7a460",
    "legacy_updated_at": "2022-12-15T17:39:39.743Z",
    "parkholidays_uid": "bltc22a967132399a50",
    "parkholidays_updated_at": "2022-12-16T10:41:54.920Z"
  },
  "9": {
    "id": "9",
    "from": "db.grading",
    "title": "Larch Bed Cottage with Hot Tub",
    "legacy_uid": "blt3f4ed8f860a51042",
    "legacy_updated_at": "2022-12-15T13:49:22.410Z",
    "parkleisure_uid": "blt426c94c78317d20b",
    "parkleisure_updated_at": "2022-12-16T10:48:32.544Z"
  },
  "10": {
    "id": "10",
    "from": "db.grading",
    "title": "Peartree Cottage with Hot Tub",
    "legacy_uid": "blt91f0c7902a502dd1",
    "legacy_updated_at": "2022-12-15T13:49:36.005Z",
    "parkleisure_uid": "blta1ead99796c48149",
    "parkleisure_updated_at": "2022-12-16T10:48:26.616Z"
  },
  "11": {
    "id": "11",
    "from": "db.grading",
    "title": "Explorer+ with Deck",
    "legacy_uid": "blt8ac1f389ff76aca3",
    "legacy_updated_at": "2022-12-15T17:37:16.393Z",
    "parkleisure_uid": "blt9edef86d72b24817",
    "parkleisure_updated_at": "2022-12-16T10:47:02.093Z"
  },
  "12": {
    "id": "12",
    "from": "db.grading",
    "title": "Freedom+ with Deck",
    "legacy_uid": "bltd552cb7a131ff452",
    "legacy_updated_at": "2022-12-15T14:01:18.914Z",
    "parkleisure_uid": "blt9c609cfb404a8763",
    "parkleisure_updated_at": "2022-12-16T10:47:14.117Z"
  },
  "13": {
    "id": "13",
    "from": "db.grading",
    "title": "Elegance+ with Deck",
    "legacy_uid": "blt80624878f8ef1237",
    "legacy_updated_at": "2022-12-15T13:51:51.023Z",
    "parkleisure_uid": "blt0b074840b029a9fd",
    "parkleisure_updated_at": "2022-12-16T10:47:38.339Z"
  },
  "14": {
    "id": "14",
    "from": "db.grading",
    "title": "Elegance with Deck and Hot Tub",
    "legacy_uid": "bltd059b8f8bff9b7dc",
    "legacy_updated_at": "2022-12-15T13:51:15.222Z",
    "parkleisure_uid": "blt209aeade382ad4e7",
    "parkleisure_updated_at": "2022-12-16T10:47:50.326Z"
  },
  "15": {
    "id": "15",
    "from": "db.grading",
    "title": "Lakeside Cottage with Hot Tub",
    "legacy_uid": "blt6f686595179b2c0f",
    "legacy_updated_at": "2022-12-15T13:49:49.861Z",
    "parkleisure_uid": "bltc73a62b4259bb43c",
    "parkleisure_updated_at": "2022-12-16T10:48:20.649Z"
  },
  "16": {
    "id": "16",
    "from": "db.grading",
    "title": "Touring Pitch",
    "legacy_uid": "blt9c6faff7715d6700",
    "legacy_updated_at": "2022-12-15T13:59:36.924Z",
    "parkleisure_uid": "blt3f285614f5378cc9",
    "parkleisure_updated_at": "2022-12-16T10:47:20.163Z"
  },
  "17": {
    "id": "17",
    "from": "db.grading",
    "title": "Cottage",
    "legacy_uid": "bltac07665c03af998f",
    "legacy_updated_at": "2022-12-15T14:01:41.292Z",
    "parkleisure_uid": "blte4b66e06767bc58b",
    "parkleisure_updated_at": "2022-12-16T10:47:08.133Z"
  },
  "18": {
    "id": "18",
    "from": "db.grading",
    "title": "Sanctuary Lodge with Roof Terrace",
    "legacy_uid": "blt51afdd47bd32e494",
    "legacy_updated_at": "2022-12-15T13:52:10.849Z",
    "parkleisure_uid": "blt6a2152743bdfad63",
    "parkleisure_updated_at": "2022-12-16T10:47:32.263Z"
  },
  "19": {
    "id": "19",
    "from": "db.grading",
    "title": "Freedom+",
    "legacy_uid": "bltd4259d65053e49a4",
    "legacy_updated_at": "2022-12-15T13:49:08.815Z",
    "parkleisure_uid": "bltac7f6c28ba5c9f05",
    "parkleisure_updated_at": "2022-12-16T10:48:38.612Z"
  },
  "20": {
    "id": "20",
    "from": "db.grading",
    "title": "Explorer+",
    "legacy_uid": "blt9efdc18a907e0cdc",
    "legacy_updated_at": "2022-12-15T13:50:03.654Z",
    "parkleisure_uid": "bltc773070659c4cb33",
    "parkleisure_updated_at": "2022-12-16T10:48:14.600Z"
  },
  "21": {
    "id": "21",
    "from": "db.grading",
    "title": "Explorer",
    "legacy_uid": "blta86734f955bb1fba",
    "legacy_updated_at": "2022-12-15T13:51:33.363Z",
    "parkleisure_uid": "blt59c3bb02a0a2a9f1",
    "parkleisure_updated_at": "2022-12-16T10:47:44.329Z"
  },
  "22": {
    "id": "22",
    "from": "db.grading",
    "title": "Freedom",
    "legacy_uid": "blt8b3d3ea5504df640",
    "legacy_updated_at": "2022-12-15T13:44:43.452Z",
    "parkleisure_uid": "blt927042b462fff524",
    "parkleisure_updated_at": "2022-12-16T10:49:08.864Z"
  },
  "23": {
    "id": "23",
    "from": "db.grading",
    "title": "Sanctuary Lodge with Deck",
    "legacy_uid": "blt04e6b0b8c3ca694f",
    "legacy_updated_at": "2022-12-15T13:52:31.405Z",
    "parkleisure_uid": "blt452ecd469a602eec",
    "parkleisure_updated_at": "2022-12-16T10:47:26.196Z"
  },
  "24": {
    "id": "24",
    "from": "db.grading",
    "title": "Sanctuary Lodge",
    "legacy_uid": "bltc889e9232c2d0a6f",
    "legacy_updated_at": "2022-12-15T13:50:43.898Z",
    "parkleisure_uid": "blt96fdbcaf76027383",
    "parkleisure_updated_at": "2022-12-16T10:48:02.486Z"
  },
  "25": {
    "id": "25",
    "from": "db.grading",
    "title": "Safari Tent",
    "legacy_uid": "blt169ab2ebb53de26b",
    "legacy_updated_at": "2022-12-15T13:47:44.587Z",
    "parkleisure_uid": "blt5487c92ae471f79c",
    "parkleisure_updated_at": "2022-12-16T10:49:02.785Z"
  },
  "26": {
    "id": "26",
    "from": "db.grading",
    "title": "Glamping Pod",
    "legacy_uid": "bltdc92c49972df1b46",
    "legacy_updated_at": "2022-12-15T13:48:17.847Z",
    "parkleisure_uid": "blt3a7a9b0429c5ef17",
    "parkleisure_updated_at": "2022-12-16T10:48:56.773Z"
  },
  "27": {
    "id": "27",
    "from": "db.grading",
    "title": "Lifestyle with Deck",
    "legacy_uid": "bltb49855dbf9492b29",
    "legacy_updated_at": "2022-12-15T13:48:40.692Z",
    "parkleisure_uid": "bltad73dd8f57a873fa",
    "parkleisure_updated_at": "2022-12-16T10:48:50.733Z"
  },
  "28": {
    "id": "28",
    "from": "db.grading",
    "title": "Sanctuary Lodge with Deck and Hot Tub",
    "legacy_uid": "blt94e534b89d8346e5",
    "legacy_updated_at": "2022-12-15T13:50:18.638Z",
    "parkleisure_uid": "blt32f1e6ac793f41d8",
    "parkleisure_updated_at": "2022-12-16T10:48:08.579Z"
  },
  "29": {
    "id": "29",
    "from": "db.grading",
    "title": "Lifestyle",
    "legacy_uid": "blt6a466ccd96226e1f",
    "legacy_updated_at": "2022-12-15T13:48:56.606Z",
    "parkleisure_uid": "blt510218cfb8a3d4d6",
    "parkleisure_updated_at": "2022-12-16T10:48:44.691Z"
  },
  "30": {
    "id": "30",
    "from": "db.grading",
    "title": "Elegance with Deck",
    "legacy_uid": "blt5813f272ad9bc745",
    "legacy_updated_at": "2022-12-15T13:51:00.843Z",
    "parkleisure_uid": "blt0a07d981e1991a68",
    "parkleisure_updated_at": "2022-12-16T10:47:56.419Z"
  }
}