{
  "1": {
    "id": "1",
    "from": "db.hire_type_features",
    "title": "10ft wide",
    "legacy_uid": "blt8899a18d838cdc77",
    "legacy_updated_at": "2022-10-04T10:00:53.146Z",
    "global_uid": "blt954412e8367a59ec",
    "global_updated_at": "2022-12-15T16:45:40.031Z",
    "parkholidays_uid": "blt1787a3271504922d",
    "parkholidays_updated_at": "2022-12-15T15:54:52.215Z",
    "parkleisure_uid": "blta74c313fcfdc2982",
    "parkleisure_updated_at": "2022-12-15T15:54:53.529Z"
  },
  "2": {
    "id": "2",
    "from": "db.hire_type_features",
    "title": "12ft wide",
    "legacy_uid": "blt47b6931d1497825b",
    "legacy_updated_at": "2022-10-04T10:00:51.686Z",
    "global_uid": "bltae77e871e5e1c023",
    "global_updated_at": "2022-12-15T16:45:50.431Z",
    "parkleisure_uid": "bltfca0c5f1ee0a6a7a",
    "parkleisure_updated_at": "2022-12-15T15:55:03.854Z",
    "parkholidays_uid": "blt776a9edeb9ec8baf",
    "parkholidays_updated_at": "2022-12-15T15:55:02.636Z"
  },
  "3": {
    "id": "3",
    "from": "db.hire_type_features",
    "title": "20ft Wide",
    "legacy_uid": "bltd5ab09d8724e836e",
    "legacy_updated_at": "2022-10-04T10:00:56.084Z",
    "global_uid": "blt7505e47b820a7488",
    "global_updated_at": "2022-12-15T16:45:19.426Z",
    "parkholidays_uid": "blt6ba4c0f0e3b3f2b8",
    "parkholidays_updated_at": "2022-12-15T15:54:31.384Z",
    "parkleisure_uid": "blt41c06cb75d8eb69d",
    "parkleisure_updated_at": "2022-12-15T15:54:32.555Z"
  },
  "6": {
    "id": "6",
    "from": "db.hire_type_features",
    "title": "4pm Check-in",
    "legacy_uid": "blt573c5cf8e69184b8",
    "legacy_updated_at": "2022-10-04T10:00:58.993Z",
    "global_uid": "blt403188ffd7f8f66a",
    "global_updated_at": "2022-12-15T16:44:58.725Z",
    "parkleisure_uid": "blt375279167ca0681a",
    "parkleisure_updated_at": "2022-12-15T15:54:12.870Z",
    "parkholidays_uid": "bltcb36180c9920c5c7",
    "parkholidays_updated_at": "2022-12-15T15:54:10.847Z"
  },
  "7": {
    "id": "7",
    "from": "db.hire_type_features",
    "title": "Heating in the living room only ",
    "legacy_uid": "blt001f08020f425735",
    "legacy_updated_at": "2022-10-04T09:41:20.597Z",
    "global_uid": "blte7964808effab003",
    "global_updated_at": "2022-12-15T16:57:48.760Z",
    "parkleisure_uid": "blt56963815c417e0ca",
    "parkleisure_updated_at": "2022-12-15T16:07:08.691Z",
    "parkholidays_uid": "blt36415be015ea3f11",
    "parkholidays_updated_at": "2022-12-15T16:07:07.688Z"
  },
  "8": {
    "id": "8",
    "from": "db.hire_type_features",
    "title": "Heating throughout ",
    "legacy_uid": "blt70035ab0a453d7d7",
    "legacy_updated_at": "2022-10-04T09:41:19.115Z",
    "global_uid": "blt4ccc0e2e8dc5e17f",
    "global_updated_at": "2022-12-15T16:57:59.010Z",
    "parkholidays_uid": "blte0454f97701f7c51",
    "parkholidays_updated_at": "2022-12-15T16:07:18.044Z",
    "parkleisure_uid": "blte3e5ec79dfc74e62",
    "parkleisure_updated_at": "2022-12-15T16:07:19.079Z"
  },
  "9": {
    "id": "9",
    "from": "db.hire_type_features",
    "title": "Central heating and double glazing throughout",
    "legacy_uid": "blt81488c8625f7a6e3",
    "legacy_updated_at": "2022-10-04T09:41:16.199Z",
    "global_uid": "blt1c9d7624f95cee06",
    "global_updated_at": "2022-12-15T16:58:19.665Z",
    "parkholidays_uid": "blt55bf6b100a0b8e74",
    "parkholidays_updated_at": "2022-12-15T16:07:38.506Z",
    "parkleisure_uid": "blt85a27da12c0e57fb",
    "parkleisure_updated_at": "2022-12-15T16:07:39.575Z"
  },
  "11": {
    "id": "11",
    "from": "db.hire_type_features",
    "title": "Duvets, pillows and bed linen provided* with beds made for arrival",
    "legacy_uid": "blt5fa897a003e579f3",
    "legacy_updated_at": "2022-10-04T08:22:48.879Z",
    "global_uid": "blt3bc46fb373551749",
    "global_updated_at": "2022-12-15T17:05:42.114Z",
    "parkholidays_uid": "bltf94e05b44b27306d",
    "parkholidays_updated_at": "2022-12-15T16:15:00.502Z",
    "parkleisure_uid": "blt58c47f1479c09b38",
    "parkleisure_updated_at": "2022-12-15T16:15:01.536Z"
  },
  "12": {
    "id": "12",
    "from": "db.hire_type_features",
    "title": "En-suite facilities",
    "legacy_uid": "bltd51d0200acda4214",
    "legacy_updated_at": "2022-10-04T08:22:22.520Z",
    "global_uid": "blte74e75c57738f1a7",
    "global_updated_at": "2022-12-15T17:08:47.362Z",
    "parkholidays_uid": "bltac303b87e4cde446",
    "parkholidays_updated_at": "2022-12-15T16:18:06.038Z",
    "parkleisure_uid": "blta6282fc6f834f97b",
    "parkleisure_updated_at": "2022-12-15T16:18:07.034Z"
  },
  "14": {
    "id": "14",
    "from": "db.hire_type_features",
    "title": "Bathroom with Rain Shower",
    "legacy_uid": "bltd026fe0fd3973eb2",
    "legacy_updated_at": "2022-10-04T08:22:38.606Z",
    "global_uid": "blt7a5a2948f19fc049",
    "global_updated_at": "2022-12-15T17:06:54.445Z",
    "parkleisure_uid": "bltc2ecd16b70f03d52",
    "parkleisure_updated_at": "2022-12-15T16:16:13.855Z",
    "parkholidays_uid": "blt1ff30190915ef4c9",
    "parkholidays_updated_at": "2022-12-15T16:16:12.895Z"
  },
  "15": {
    "id": "15",
    "from": "db.hire_type_features",
    "title": "Walk-in in wet room with rails",
    "legacy_uid": "blt0460bab89e97b4ef",
    "legacy_updated_at": "2022-10-04T08:22:45.937Z",
    "global_uid": "blt04e7cf0fbd150f2e",
    "global_updated_at": "2022-12-15T17:06:02.831Z",
    "parkholidays_uid": "bltf12483efa5e1c5c7",
    "parkholidays_updated_at": "2022-12-15T17:06:04.401Z",
    "parkleisure_uid": "bltf33745385fc02aa1",
    "parkleisure_updated_at": "2022-12-15T17:06:05.243Z"
  },
  "16": {
    "id": "16",
    "from": "db.hire_type_features",
    "title": "Fully equipped kitchen",
    "legacy_uid": "blt8a715bdd6ca8aa38",
    "legacy_updated_at": "2022-10-04T09:41:57.392Z",
    "global_uid": "blta3915ed744e115a7",
    "global_updated_at": "2022-12-15T16:53:32.377Z",
    "parkholidays_uid": "blt7b334caa1a0d2c6e",
    "parkholidays_updated_at": "2022-12-15T16:02:49.746Z",
    "parkleisure_uid": "blt08a29b7a3fa30348",
    "parkleisure_updated_at": "2022-12-15T16:02:50.933Z"
  },
  "17": {
    "id": "17",
    "from": "db.hire_type_features",
    "title": "Fully equipped galley kitchen",
    "legacy_uid": "bltaa1bd57b243e5224",
    "legacy_updated_at": "2022-10-04T09:42:00.318Z",
    "global_uid": "blte5aa5b715bfbdb67",
    "global_updated_at": "2022-12-15T16:53:11.891Z",
    "parkleisure_uid": "bltfa4fc351f977f8ac",
    "parkleisure_updated_at": "2022-12-15T16:02:30.090Z",
    "parkholidays_uid": "blt718563f99b86cf77",
    "parkholidays_updated_at": "2022-12-15T16:02:28.820Z"
  },
  "18": {
    "id": "18",
    "from": "db.hire_type_features",
    "title": "Fully equipped  kitchen with lowered worktop, sink and cooker",
    "legacy_uid": "blt4960460ec0ca5b93",
    "legacy_updated_at": "2022-10-04T09:41:54.439Z",
    "global_uid": "bltc6ad8f0e6c561e33",
    "global_updated_at": "2022-12-15T16:53:52.843Z",
    "parkholidays_uid": "blt29a26246b606521c",
    "parkholidays_updated_at": "2022-12-15T16:03:10.358Z",
    "parkleisure_uid": "blt394ac1a6e20c6278",
    "parkleisure_updated_at": "2022-12-15T16:03:11.540Z"
  },
  "20": {
    "id": "20",
    "from": "db.hire_type_features",
    "title": "Integrated fridge freezer ",
    "legacy_uid": "bltf92d5a721195422a",
    "legacy_updated_at": "2022-10-04T09:42:12.030Z",
    "global_uid": "bltc68d4396efeb670c",
    "global_updated_at": "2022-12-15T16:51:49.784Z",
    "parkholidays_uid": "bltf4fb1c74ec4730d4",
    "parkholidays_updated_at": "2022-12-15T16:01:06.131Z",
    "parkleisure_uid": "blt17f4116c24eafa0b",
    "parkleisure_updated_at": "2022-12-15T16:01:07.317Z"
  },
  "21": {
    "id": "21",
    "from": "db.hire_type_features",
    "title": "Gas, water, electricity and entertainment passes included with direct bookings",
    "legacy_uid": "blt17285dcbbf8f5278",
    "legacy_updated_at": "2022-10-04T08:23:11.008Z",
    "global_uid": "blt8f741bb67bcd695e",
    "global_updated_at": "2022-12-15T17:03:07.961Z",
    "parkholidays_uid": "bltdb8c3c8280329edc",
    "parkholidays_updated_at": "2022-12-15T16:12:26.418Z",
    "parkleisure_uid": "blte358f70342d0fce9",
    "parkleisure_updated_at": "2022-12-15T16:12:27.385Z"
  },
  "22": {
    "id": "22",
    "from": "db.hire_type_features",
    "title": "TV in lounge – minimum 18”",
    "legacy_uid": "bltc5be6bf01cf0eae8",
    "legacy_updated_at": "2022-10-04T09:41:44.150Z",
    "global_uid": "bltde6c590f0de68a0a",
    "global_updated_at": "2022-12-15T16:55:04.610Z",
    "parkholidays_uid": "bltdb3aebf20e8e062e",
    "parkholidays_updated_at": "2022-12-15T16:04:22.366Z",
    "parkleisure_uid": "blt0205a8d3925543ad",
    "parkleisure_updated_at": "2022-12-15T16:04:23.606Z"
  },
  "23": {
    "id": "23",
    "from": "db.hire_type_features",
    "title": "TV in lounge – minimum 32” with DVD player",
    "legacy_uid": "bltea4967c64cdd69da",
    "legacy_updated_at": "2022-10-04T09:41:48.548Z",
    "global_uid": "blt297d5652ee746d38",
    "global_updated_at": "2022-12-15T16:54:33.839Z",
    "parkholidays_uid": "blt0778eb148104034f",
    "parkholidays_updated_at": "2022-12-15T16:03:51.508Z",
    "parkleisure_uid": "blt79774537e2c66486",
    "parkleisure_updated_at": "2022-12-15T16:03:52.651Z"
  },
  "26": {
    "id": "26",
    "from": "db.hire_type_features",
    "title": "Decking",
    "legacy_uid": "blte7c04c070c9ffe51",
    "legacy_updated_at": "2022-10-04T09:41:38.121Z",
    "global_uid": "blt3b8600906751e6cd",
    "global_updated_at": "2022-12-15T16:55:45.619Z",
    "parkleisure_uid": "blt281d890dc0188b9d",
    "parkleisure_updated_at": "2022-12-15T16:05:05.005Z",
    "parkholidays_uid": "bltd11c06df0d664474",
    "parkholidays_updated_at": "2022-12-15T16:05:03.734Z"
  },
  "27": {
    "id": "27",
    "from": "db.hire_type_features",
    "title": "Decking with outdoor furniture",
    "legacy_uid": "bltc9c4146e5f790cd2",
    "legacy_updated_at": "2022-10-04T09:41:41.138Z",
    "global_uid": "bltcd6de5b4b626c4f3",
    "global_updated_at": "2022-12-15T16:55:24.913Z",
    "parkholidays_uid": "blta2bcf770bb56ffa4",
    "parkholidays_updated_at": "2022-12-15T16:04:43.240Z",
    "parkleisure_uid": "blt4c17b3099c8c1625",
    "parkleisure_updated_at": "2022-12-15T16:04:44.279Z"
  },
  "28": {
    "id": "28",
    "from": "db.hire_type_features",
    "title": "Ramp access with extra wide 1320mm door",
    "legacy_uid": "blt91e3880497208f39",
    "legacy_updated_at": "2022-10-04T09:41:27.892Z",
    "global_uid": "blt3f000573b7a9b48a",
    "global_updated_at": "2022-12-15T16:56:57.361Z",
    "parkholidays_uid": "blta8143a8ce09cc4e0",
    "parkholidays_updated_at": "2022-12-15T16:06:16.032Z",
    "parkleisure_uid": "blt3a3318a1f2d4b937",
    "parkleisure_updated_at": "2022-12-15T16:06:17.333Z"
  },
  "29": {
    "id": "29",
    "from": "db.hire_type_features",
    "title": "Ramp access with extra wide 1200mm door",
    "legacy_uid": "bltaf83bf37937d568f",
    "legacy_updated_at": "2022-10-04T09:41:24.983Z",
    "global_uid": "blt3cce131313620525",
    "global_updated_at": "2022-12-15T16:57:17.927Z",
    "parkholidays_uid": "blt863ee78d9855de05",
    "parkholidays_updated_at": "2022-12-15T16:06:37.076Z",
    "parkleisure_uid": "bltf1842c67289d2eb7",
    "parkleisure_updated_at": "2022-12-15T16:06:38.254Z"
  },
  "31": {
    "id": "31",
    "from": "db.hire_type_features",
    "title": "Ramp access with extra wide 960mm door",
    "legacy_uid": "blt117529292ba7f23d",
    "legacy_updated_at": "2022-10-04T09:41:26.441Z",
    "global_uid": "blt3726a5fdf737c11b",
    "global_updated_at": "2022-12-15T16:57:07.653Z",
    "parkholidays_uid": "blt9ed999f47217a80a",
    "parkholidays_updated_at": "2022-12-15T16:06:26.573Z",
    "parkleisure_uid": "blt245112d468fbb654",
    "parkleisure_updated_at": "2022-12-15T16:06:27.764Z"
  },
  "32": {
    "id": "32",
    "from": "db.hire_type_features",
    "title": "Ramp access with extra wide 900mm door",
    "legacy_uid": "blt202c5f884291d188",
    "legacy_updated_at": "2022-10-04T09:41:29.324Z",
    "global_uid": "blt01d2728787afc32b",
    "global_updated_at": "2022-12-15T16:56:47.131Z",
    "parkleisure_uid": "blt9b2a2112823864b5",
    "parkleisure_updated_at": "2022-12-15T16:06:06.934Z",
    "parkholidays_uid": "blt9e0c8a7ef7943e6c",
    "parkholidays_updated_at": "2022-12-15T16:06:05.805Z"
  },
  "33": {
    "id": "33",
    "from": "db.hire_type_features",
    "title": "Ramp access with extra wide 790mm door",
    "legacy_uid": "blt37e58ca5324a354d",
    "legacy_updated_at": "2022-10-04T09:41:30.788Z",
    "global_uid": "bltaa2a2a66c3139c33",
    "global_updated_at": "2022-12-15T16:56:36.934Z",
    "parkholidays_uid": "blt173b0649a277c885",
    "parkholidays_updated_at": "2022-12-15T16:05:55.460Z",
    "parkleisure_uid": "blt6fe8fd899e10a413",
    "parkleisure_updated_at": "2022-12-15T16:05:56.631Z"
  },
  "34": {
    "id": "34",
    "from": "db.hire_type_features",
    "title": "Portable Trapeze hoist",
    "legacy_uid": "bltc6d23aaac907a8bd",
    "legacy_updated_at": "2022-10-04T08:22:19.596Z",
    "global_uid": "bltd852dc4c8ac869dc",
    "global_updated_at": "2022-12-15T17:09:07.907Z",
    "parkholidays_uid": "bltf32e0c4b47575c73",
    "parkholidays_updated_at": "2022-12-15T16:18:26.353Z",
    "parkleisure_uid": "blt7d890f226c7c3830",
    "parkleisure_updated_at": "2022-12-15T16:18:27.400Z"
  },
  "35": {
    "id": "35",
    "from": "db.hire_type_features",
    "title": "Sea views",
    "legacy_uid": "bltec99ba1f2ba61135",
    "legacy_updated_at": "2022-10-04T09:41:32.256Z",
    "global_uid": "blt6384e0bd58aeacb1",
    "global_updated_at": "2022-12-15T16:56:26.727Z",
    "parkholidays_uid": "blt2d96bd78baf9d345",
    "parkholidays_updated_at": "2022-12-15T16:05:45.183Z",
    "parkleisure_uid": "blt43c321f3d7ce7cdd",
    "parkleisure_updated_at": "2022-12-15T16:05:46.319Z"
  },
  "37": {
    "id": "37",
    "from": "db.hire_type_features",
    "title": "Entertainment passes",
    "legacy_uid": "blt268d03591f09b471",
    "legacy_updated_at": "2022-10-04T08:22:53.356Z",
    "global_uid": "blt5fd0d5b0362a6791",
    "global_updated_at": "2022-12-15T17:05:11.296Z",
    "parkleisure_uid": "blt1a75104378be83d1",
    "parkleisure_updated_at": "2022-12-15T16:14:30.756Z",
    "parkholidays_uid": "blt287c0758524b89e2",
    "parkholidays_updated_at": "2022-12-15T16:14:29.817Z"
  },
  "38": {
    "id": "38",
    "from": "db.hire_type_features",
    "title": "Use of touring and park facilities",
    "legacy_uid": "bltde1bb40b0bc7bf2b",
    "legacy_updated_at": "2022-10-04T08:22:51.806Z",
    "global_uid": "blta8160a380050b5e3",
    "global_updated_at": "2022-12-15T17:05:21.569Z",
    "parkholidays_uid": "bltac568cd9647c7051",
    "parkholidays_updated_at": "2022-12-15T16:14:40.098Z",
    "parkleisure_uid": "blt92c7c920e20e7eac",
    "parkleisure_updated_at": "2022-12-15T16:14:40.990Z"
  },
  "44": {
    "id": "44",
    "from": "db.hire_type_features",
    "title": "King-size bed in master bedroom with en-suite",
    "legacy_uid": "blt0f12522f7a7aee48",
    "legacy_updated_at": "2022-10-04T09:42:23.881Z",
    "global_uid": "blte51de990ef29737e",
    "global_updated_at": "2022-12-15T16:50:27.955Z",
    "parkholidays_uid": "bltd6929300ac20f0bc",
    "parkholidays_updated_at": "2022-12-15T15:59:42.270Z",
    "parkleisure_uid": "blt8f4fe4bf98ef1435",
    "parkleisure_updated_at": "2022-12-15T15:59:43.488Z"
  },
  "45": {
    "id": "45",
    "from": "db.hire_type_features",
    "title": "Luxury bedding provided",
    "legacy_uid": "blt0abb0b6106acb5f1",
    "legacy_updated_at": "2022-10-04T08:22:54.823Z",
    "global_uid": "blt7ba97c7181dc0f47",
    "global_updated_at": "2022-12-15T17:05:01.089Z",
    "parkholidays_uid": "bltd3c88bf4c370bd3a",
    "parkholidays_updated_at": "2022-12-15T16:14:19.497Z",
    "parkleisure_uid": "blt5b68923d2efdd92f",
    "parkleisure_updated_at": "2022-12-15T16:14:20.517Z"
  },
  "46": {
    "id": "46",
    "from": "db.hire_type_features",
    "title": "Walk-in wardrobe",
    "legacy_uid": "blt392505889b9d8165",
    "legacy_updated_at": "2022-10-04T09:42:28.240Z",
    "global_uid": "blt8932bf9130ccdaeb",
    "global_updated_at": "2022-12-15T16:49:57.053Z",
    "parkholidays_uid": "blt7f56284c8d2d4963",
    "parkholidays_updated_at": "2022-12-15T15:59:11.090Z",
    "parkleisure_uid": "blt9444bcde058299d3",
    "parkleisure_updated_at": "2022-12-15T15:59:12.385Z"
  },
  "47": {
    "id": "47",
    "from": "db.hire_type_features",
    "title": "TV and DVD player in master bedroom",
    "legacy_uid": "blt56db9db2aec5b9d1",
    "legacy_updated_at": "2022-10-04T09:42:31.252Z",
    "global_uid": "bltf60a37e041db68eb",
    "global_updated_at": "2022-12-15T16:49:36.535Z",
    "parkholidays_uid": "blt4743cab1137ead9e",
    "parkholidays_updated_at": "2022-12-15T15:58:50.392Z",
    "parkleisure_uid": "blt28cb46f543e4d189",
    "parkleisure_updated_at": "2022-12-15T15:58:51.648Z"
  },
  "48": {
    "id": "48",
    "from": "db.hire_type_features",
    "title": "Full size bath in family bathroom",
    "legacy_uid": "blt0f6aca4e97986e55",
    "legacy_updated_at": "2022-10-04T08:22:37.141Z",
    "global_uid": "blt8a2874e1b2426c8a",
    "global_updated_at": "2022-12-15T17:07:04.840Z",
    "parkholidays_uid": "bltb0253e40435b8dc0",
    "parkholidays_updated_at": "2022-12-15T16:16:23.248Z",
    "parkleisure_uid": "blt83047eec4e7ae185",
    "parkleisure_updated_at": "2022-12-15T16:16:24.272Z"
  },
  "49": {
    "id": "49",
    "from": "db.hire_type_features",
    "title": "Bathrobes, towels, slippers and toiletries",
    "legacy_uid": "bltf6bde89d39a3cb22",
    "legacy_updated_at": "2022-10-04T08:22:29.835Z",
    "global_uid": "blta732973cb38fa19d",
    "global_updated_at": "2022-12-15T17:07:56.160Z",
    "parkleisure_uid": "blt8b06a51aa7180c9f",
    "parkleisure_updated_at": "2022-12-15T16:17:15.606Z",
    "parkholidays_uid": "blt35ad90110ae6ecbe",
    "parkholidays_updated_at": "2022-12-15T16:17:14.636Z"
  },
  "50": {
    "id": "50",
    "from": "db.hire_type_features",
    "title": "Full size single beds in twin bedrooms",
    "legacy_uid": "bltaec86512547e7ddc",
    "legacy_updated_at": "2022-10-04T08:22:23.980Z",
    "global_uid": "blt76d7cbe59875afee",
    "global_updated_at": "2022-12-15T17:08:37.113Z",
    "parkleisure_uid": "blt3a5e9ec91abae6ce",
    "parkleisure_updated_at": "2022-12-15T16:17:56.830Z",
    "parkholidays_uid": "bltac9d3ced3e86e11a",
    "parkholidays_updated_at": "2022-12-15T16:17:55.782Z"
  },
  "51": {
    "id": "51",
    "from": "db.hire_type_features",
    "title": "Freestanding furniture",
    "legacy_uid": "bltaba7290a2f293492",
    "legacy_updated_at": "2022-10-04T09:41:51.495Z",
    "global_uid": "blt7a23b3417b3abbf7",
    "global_updated_at": "2022-12-15T16:54:13.376Z",
    "parkholidays_uid": "blt3b6fed61dfab7491",
    "parkholidays_updated_at": "2022-12-15T16:03:31.095Z",
    "parkleisure_uid": "bltbf04c6d95cad68b3",
    "parkleisure_updated_at": "2022-12-15T16:03:32.249Z"
  },
  "52": {
    "id": "52",
    "from": "db.hire_type_features",
    "title": "Large family dining table",
    "legacy_uid": "blt1c6dbf22e71ebabc",
    "legacy_updated_at": "2022-10-04T09:42:15.023Z",
    "global_uid": "bltc53198f0e2ac2a92",
    "global_updated_at": "2022-12-15T16:51:29.264Z",
    "parkholidays_uid": "blt05f89ae039c7a00d",
    "parkholidays_updated_at": "2022-12-15T16:00:45.405Z",
    "parkleisure_uid": "blt1eb532c71c2a5727",
    "parkleisure_updated_at": "2022-12-15T16:00:46.745Z"
  },
  "53": {
    "id": "53",
    "from": "db.hire_type_features",
    "title": "Wall-mounted 49” TV in lounge",
    "legacy_uid": "bltc1698717d2023b34",
    "legacy_updated_at": "2022-10-04T09:41:47.085Z",
    "global_uid": "blt35c9c9dd938eacc3",
    "global_updated_at": "2022-12-15T16:54:44.125Z",
    "parkleisure_uid": "blt25b1192fd86ecc0e",
    "parkleisure_updated_at": "2022-12-15T16:04:03.234Z",
    "parkholidays_uid": "bltf188c3c1fdcb610e",
    "parkholidays_updated_at": "2022-12-15T16:04:01.810Z"
  },
  "54": {
    "id": "54",
    "from": "db.hire_type_features",
    "title": "Modern contemporary fireplace",
    "legacy_uid": "bltec20a550fe5d05a1",
    "legacy_updated_at": "2022-10-04T08:22:18.119Z",
    "global_uid": "blt935d76745147989e",
    "global_updated_at": "2022-12-15T17:09:18.172Z",
    "parkleisure_uid": "blt4c0da782594e7686",
    "parkleisure_updated_at": "2022-12-15T16:18:37.698Z",
    "parkholidays_uid": "blt1abd2f4c3e2b3154",
    "parkholidays_updated_at": "2022-12-15T16:18:36.777Z"
  },
  "55": {
    "id": "55",
    "from": "db.hire_type_features",
    "title": "Fully equipped kitchen inc. dishwasher",
    "legacy_uid": "bltfb3d610d7b8c410d",
    "legacy_updated_at": "2022-10-04T09:42:03.241Z",
    "global_uid": "blt2622c9cf09a3a414",
    "global_updated_at": "2022-12-15T16:52:51.444Z",
    "parkholidays_uid": "blt669a02756e1f66f4",
    "parkholidays_updated_at": "2022-12-15T16:02:08.276Z",
    "parkleisure_uid": "bltad3d53880864f847",
    "parkleisure_updated_at": "2022-12-15T16:02:09.372Z"
  },
  "56": {
    "id": "56",
    "from": "db.hire_type_features",
    "title": "Open plan kitchen with island",
    "legacy_uid": "blt2d8e69aa665bc7a1",
    "legacy_updated_at": "2022-10-04T09:42:06.161Z",
    "global_uid": "bltee63ce2c12fcc6e3",
    "global_updated_at": "2022-12-15T16:52:30.855Z",
    "parkholidays_uid": "bltc5c78cc146cff2a6",
    "parkholidays_updated_at": "2022-12-15T16:01:47.487Z",
    "parkleisure_uid": "bltf951f6cf6150e06c",
    "parkleisure_updated_at": "2022-12-15T16:01:48.687Z"
  },
  "58": {
    "id": "58",
    "from": "db.hire_type_features",
    "title": "Coffee machine",
    "legacy_uid": "blt98c4c57ed38c1f03",
    "legacy_updated_at": "2022-10-04T09:42:13.520Z",
    "global_uid": "blt54704e9a4f577215",
    "global_updated_at": "2022-12-15T16:51:39.501Z",
    "parkleisure_uid": "blt1686f812b1fcd790",
    "parkleisure_updated_at": "2022-12-15T16:00:57.085Z",
    "parkholidays_uid": "blt571ca80370bf4feb",
    "parkholidays_updated_at": "2022-12-15T16:00:55.798Z"
  },
  "59": {
    "id": "59",
    "from": "db.hire_type_features",
    "title": "USB charging points",
    "legacy_uid": "blt89a2d3275c06b6e1",
    "legacy_updated_at": "2022-10-04T09:42:40.029Z",
    "global_uid": "blt7493a3bf57c7ac02",
    "global_updated_at": "2022-12-15T16:48:34.863Z",
    "parkholidays_uid": "blt2e17e5f570907080",
    "parkholidays_updated_at": "2022-12-15T15:57:48.483Z",
    "parkleisure_uid": "bltfea8188d577f567a",
    "parkleisure_updated_at": "2022-12-15T15:57:49.762Z"
  },
  "60": {
    "id": "60",
    "from": "db.hire_type_features",
    "title": "Bluetooth speakers",
    "legacy_uid": "blt67761f7c84fb1a80",
    "legacy_updated_at": "2022-10-04T09:42:41.492Z",
    "global_uid": "blta9804081322bc27b",
    "global_updated_at": "2022-12-15T16:48:24.635Z",
    "parkholidays_uid": "blte0b573e9570dec98",
    "parkholidays_updated_at": "2022-12-15T15:57:38.308Z",
    "parkleisure_uid": "bltb5be4d669c7fdd93",
    "parkleisure_updated_at": "2022-12-15T15:57:39.347Z"
  },
  "61": {
    "id": "61",
    "from": "db.hire_type_features",
    "title": "Double glazing and central heating throughout",
    "legacy_uid": "blt026b24647623fbc5",
    "legacy_updated_at": "2022-10-04T09:41:17.658Z",
    "global_uid": "blt3d2c749db1ae28bb",
    "global_updated_at": "2022-12-15T16:58:09.279Z",
    "parkholidays_uid": "bltd7799dd69c3e4b90",
    "parkholidays_updated_at": "2022-12-15T16:07:28.213Z",
    "parkleisure_uid": "blte438735d227028dd",
    "parkleisure_updated_at": "2022-12-15T16:07:29.165Z"
  },
  "62": {
    "id": "62",
    "from": "db.hire_type_features",
    "title": "Iron and ironing board",
    "legacy_uid": "blt58c18398b4e333ae",
    "legacy_updated_at": "2022-10-04T08:22:15.190Z",
    "global_uid": "bltcae6c217677b42b6",
    "global_updated_at": "2022-12-15T17:09:38.874Z",
    "parkholidays_uid": "bltcbd323be4f3f5f34",
    "parkholidays_updated_at": "2022-12-15T16:18:57.251Z",
    "parkleisure_uid": "blt1c68f66a86b18188",
    "parkleisure_updated_at": "2022-12-15T16:18:58.247Z"
  },
  "66": {
    "id": "66",
    "from": "db.hire_type_features",
    "title": "TV in master bedroom",
    "legacy_uid": "blt35d1858aaad971fd",
    "legacy_updated_at": "2022-10-04T09:42:26.801Z",
    "global_uid": "blt5f1aff514c170005",
    "global_updated_at": "2022-12-15T16:50:07.350Z",
    "parkholidays_uid": "blt29c40bf01682661a",
    "parkholidays_updated_at": "2022-12-15T15:59:21.503Z",
    "parkleisure_uid": "blt55ef79af5e2190bf",
    "parkleisure_updated_at": "2022-12-15T15:59:22.768Z"
  },
  "67": {
    "id": "67",
    "from": "db.hire_type_features",
    "title": "12pm Check-in",
    "legacy_uid": "blteffc0f2acd8da51e",
    "legacy_updated_at": "2022-10-04T09:41:11.779Z",
    "global_uid": "bltb8ec3812c5f787ab",
    "global_updated_at": "2022-12-15T16:58:50.480Z",
    "parkholidays_uid": "blt59d0b9ca0a3ac26c",
    "parkholidays_updated_at": "2022-12-15T16:08:09.424Z",
    "parkleisure_uid": "blt8da549da53f8d43c",
    "parkleisure_updated_at": "2022-12-15T16:08:10.492Z"
  },
  "68": {
    "id": "68",
    "from": "db.hire_type_features",
    "title": "Entertainment Passes (Incl. use of the Swimming Pool)",
    "legacy_uid": "blt90ba6cdfc5f35a8d",
    "legacy_updated_at": "2022-10-04T08:22:50.366Z",
    "global_uid": "blt93e01e33092ffa48",
    "global_updated_at": "2022-12-15T17:05:31.876Z",
    "parkholidays_uid": "bltd1c932ab9614f80f",
    "parkholidays_updated_at": "2022-12-15T16:14:50.225Z",
    "parkleisure_uid": "blte663c04f726734f0",
    "parkleisure_updated_at": "2022-12-15T16:14:51.238Z"
  },
  "69": {
    "id": "69",
    "from": "db.hire_type_features",
    "title": "Access to Shower and Toilet facilities",
    "legacy_uid": "blt717b29c59f3a16c6",
    "legacy_updated_at": "2022-10-04T08:22:43.016Z",
    "global_uid": "blt3bb0fcd860c06e7a",
    "global_updated_at": "2022-12-15T17:06:23.452Z",
    "parkholidays_uid": "bltc22a8fb28965cf8a",
    "parkholidays_updated_at": "2022-12-15T16:15:42.019Z",
    "parkleisure_uid": "blt90dbc44d956cd239",
    "parkleisure_updated_at": "2022-12-15T16:15:42.946Z"
  },
  "70": {
    "id": "70",
    "from": "db.hire_type_features",
    "title": "11am Check-out",
    "legacy_uid": "blt848efc2da215cfbe",
    "legacy_updated_at": "2022-10-04T08:23:13.936Z",
    "global_uid": "blta0984b3da568124d",
    "global_updated_at": "2022-12-15T17:02:47.407Z",
    "parkleisure_uid": "bltbdfa904c0209f542",
    "parkleisure_updated_at": "2022-12-15T16:12:06.813Z",
    "parkholidays_uid": "bltc8dad9259f25cd07",
    "parkholidays_updated_at": "2022-12-15T16:12:05.818Z"
  },
  "71": {
    "id": "71",
    "from": "db.hire_type_features",
    "title": "Pets Welcome*",
    "legacy_uid": "blt957afe6a4857d8af",
    "legacy_updated_at": "2022-10-04T08:23:08.066Z",
    "global_uid": "blt6a04936eff71078f",
    "global_updated_at": "2022-12-15T17:03:28.634Z",
    "parkholidays_uid": "blt5297b01f5390fe60",
    "parkholidays_updated_at": "2022-12-15T16:12:47.035Z",
    "parkleisure_uid": "blt1f957bdf53bbccb9",
    "parkleisure_updated_at": "2022-12-15T16:12:48.096Z"
  },
  "73": {
    "id": "73",
    "from": "db.hire_type_features",
    "title": "Double glazed windows and doors",
    "legacy_uid": "blt08b8b7fd9fa20076",
    "legacy_updated_at": "2022-10-04T09:41:14.694Z",
    "global_uid": "bltf3fa0eb57b8e998d",
    "global_updated_at": "2022-12-15T16:58:29.893Z",
    "parkleisure_uid": "blta309a7af3270867c",
    "parkleisure_updated_at": "2022-12-15T16:07:49.689Z",
    "parkholidays_uid": "bltbcf8614934cebca8",
    "parkholidays_updated_at": "2022-12-15T16:07:48.740Z"
  },
  "75": {
    "id": "75",
    "from": "db.hire_type_features",
    "title": "Plug & USB Sockets",
    "legacy_uid": "blt3c6db2e5dd03f664",
    "legacy_updated_at": "2022-10-04T08:22:13.732Z",
    "global_uid": "blt4fd91ee0dd10ca9f",
    "global_updated_at": "2022-12-15T17:09:49.038Z",
    "parkholidays_uid": "blta01ea9fe940c56ec",
    "parkholidays_updated_at": "2022-12-15T16:19:07.510Z",
    "parkleisure_uid": "bltbd988d88c8816fa7",
    "parkleisure_updated_at": "2022-12-15T16:19:08.476Z"
  },
  "76": {
    "id": "76",
    "from": "db.hire_type_features",
    "title": "Fully insulated with heating",
    "legacy_uid": "bltf8bd9916f2f88a8c",
    "legacy_updated_at": "2022-10-04T09:41:23.518Z",
    "global_uid": "blt2f76ddb1924118bc",
    "global_updated_at": "2022-12-15T16:57:28.187Z",
    "parkholidays_uid": "bltd7405624dbf31af9",
    "parkholidays_updated_at": "2022-12-15T16:06:48.140Z",
    "parkleisure_uid": "blt79550a35d76dae0b",
    "parkleisure_updated_at": "2022-12-15T16:06:49.325Z"
  },
  "79": {
    "id": "79",
    "from": "db.hire_type_features",
    "title": "Interior & Exterior Lighting",
    "legacy_uid": "blt6ae7944a61316ea5",
    "legacy_updated_at": "2022-10-04T08:22:16.641Z",
    "global_uid": "bltf7e6e1ea6f153e49",
    "global_updated_at": "2022-12-15T17:09:28.504Z",
    "parkholidays_uid": "blt6ebb29aaf96fb4f4",
    "parkholidays_updated_at": "2022-12-15T16:18:47.023Z",
    "parkleisure_uid": "blt595b8840e95d652d",
    "parkleisure_updated_at": "2022-12-15T16:18:48.036Z"
  },
  "82": {
    "id": "82",
    "from": "db.hire_type_features",
    "title": "Double Bed",
    "legacy_uid": "bltcc154c7034916c23",
    "legacy_updated_at": "2022-10-04T09:42:22.439Z",
    "global_uid": "blt3e9692d67e390087",
    "global_updated_at": "2022-12-15T16:50:38.174Z",
    "parkholidays_uid": "blt02419fd09739c937",
    "parkholidays_updated_at": "2022-12-15T15:59:52.568Z",
    "parkleisure_uid": "bltf7dcc764d37b636e",
    "parkleisure_updated_at": "2022-12-15T15:59:53.775Z"
  },
  "86": {
    "id": "86",
    "from": "db.hire_type_features",
    "title": "Bunk Bed",
    "legacy_uid": "blt9ba5f3d20f7a7bbd",
    "legacy_updated_at": "2022-10-04T08:22:25.443Z",
    "global_uid": "bltb4c66b470d59d27a",
    "global_updated_at": "2022-12-15T17:08:26.912Z",
    "parkholidays_uid": "blt8c832dd741e0d97a",
    "parkholidays_updated_at": "2022-12-15T16:17:45.434Z",
    "parkleisure_uid": "blt872736b6ee50b561",
    "parkleisure_updated_at": "2022-12-15T16:17:46.520Z"
  },
  "87": {
    "id": "87",
    "from": "db.hire_type_features",
    "title": "Small Dining Table",
    "legacy_uid": "blt517aac99c1f7fe54",
    "legacy_updated_at": "2022-10-04T09:42:18.051Z",
    "global_uid": "blt5edb6f4ff1a76295",
    "global_updated_at": "2022-12-15T16:51:08.847Z",
    "parkleisure_uid": "blt79bbcb5551bc4187",
    "parkleisure_updated_at": "2022-12-15T16:00:25.900Z",
    "parkholidays_uid": "blt03f26fbb84a55e51",
    "parkholidays_updated_at": "2022-12-15T16:00:24.697Z"
  },
  "88": {
    "id": "88",
    "from": "db.hire_type_features",
    "title": "Lockable Door",
    "legacy_uid": "bltbbe3e2ef93b73be9",
    "legacy_updated_at": "2022-10-04T08:23:05.132Z",
    "global_uid": "bltdf7792d6b8770f84",
    "global_updated_at": "2022-12-15T17:03:49.052Z",
    "parkholidays_uid": "blt36e52a767cab3889",
    "parkholidays_updated_at": "2022-12-15T16:13:07.503Z",
    "parkleisure_uid": "blt035809913d8985fd",
    "parkleisure_updated_at": "2022-12-15T16:13:08.525Z"
  },
  "89": {
    "id": "89",
    "from": "db.hire_type_features",
    "title": "1 Allocated Car Parking Space",
    "legacy_uid": "blt3f1ddc63dcf86dee",
    "legacy_updated_at": "2022-10-04T08:23:12.498Z",
    "global_uid": "blt255fcc64501f0859",
    "global_updated_at": "2022-12-15T17:02:57.739Z",
    "parkholidays_uid": "blt47a31dd1c700d0c0",
    "parkholidays_updated_at": "2022-12-15T16:12:16.127Z",
    "parkleisure_uid": "blt411034d62da9ad79",
    "parkleisure_updated_at": "2022-12-15T16:12:17.102Z"
  },
  "90": {
    "id": "90",
    "from": "db.hire_type_features",
    "title": "Open-plan studio apartment",
    "legacy_uid": "bltc2492299d5279464",
    "legacy_updated_at": "2022-10-04T10:00:54.624Z",
    "global_uid": "bltede1cbef018f18e0",
    "global_updated_at": "2022-12-15T16:45:29.750Z",
    "parkleisure_uid": "blt5f73b2f62b8f7f95",
    "parkleisure_updated_at": "2022-12-15T15:54:43.123Z",
    "parkholidays_uid": "bltbb9cce71caccf1ec",
    "parkholidays_updated_at": "2022-12-15T15:54:41.825Z"
  },
  "91": {
    "id": "91",
    "from": "db.hire_type_features",
    "title": "Balcony with Sea Views",
    "legacy_uid": "blt51a3206f6add2f8c",
    "legacy_updated_at": "2022-10-04T09:41:33.731Z",
    "global_uid": "bltd63ad2574a4d93f9",
    "global_updated_at": "2022-12-15T16:56:16.443Z",
    "parkleisure_uid": "blt7105ff4d5f1d07c4",
    "parkleisure_updated_at": "2022-12-15T16:05:36.070Z",
    "parkholidays_uid": "blt79f59a5647e16036",
    "parkholidays_updated_at": "2022-12-15T16:05:34.876Z"
  },
  "92": {
    "id": "92",
    "from": "db.hire_type_features",
    "title": "King Size Hypnos Bed",
    "legacy_uid": "blt5bcc871f3c4c7ed6",
    "legacy_updated_at": "2022-10-04T09:42:20.978Z",
    "global_uid": "blt7901749a23e05480",
    "global_updated_at": "2022-12-15T16:50:48.377Z",
    "parkholidays_uid": "blteca620515f7365b5",
    "parkholidays_updated_at": "2022-12-15T16:00:04.085Z",
    "parkleisure_uid": "blt178310f39880727e",
    "parkleisure_updated_at": "2022-12-15T16:00:05.205Z"
  },
  "93": {
    "id": "93",
    "from": "db.hire_type_features",
    "title": "Double Sofa Bed",
    "legacy_uid": "blt23a06e7da2c6fb46",
    "legacy_updated_at": "2022-10-04T09:42:19.508Z",
    "global_uid": "blt5eed269e52286672",
    "global_updated_at": "2022-12-15T16:50:58.627Z",
    "parkholidays_uid": "blt2444fad59d9f3c14",
    "parkholidays_updated_at": "2022-12-15T16:00:14.345Z",
    "parkleisure_uid": "blt992eb2a9376c23c0",
    "parkleisure_updated_at": "2022-12-15T16:00:15.561Z"
  },
  "94": {
    "id": "94",
    "from": "db.hire_type_features",
    "title": "49'' Smart TV",
    "legacy_uid": "blt16fd50ef4faf9096",
    "legacy_updated_at": "2022-10-04T09:41:50.022Z",
    "global_uid": "blte524b2ea2cf69ebe",
    "global_updated_at": "2022-12-15T16:54:23.609Z",
    "parkholidays_uid": "blt06e2dc288e878efa",
    "parkholidays_updated_at": "2022-12-15T16:03:41.157Z",
    "parkleisure_uid": "bltb52621481e7df7ec",
    "parkleisure_updated_at": "2022-12-15T16:03:42.385Z"
  },
  "95": {
    "id": "95",
    "from": "db.hire_type_features",
    "title": "Undercounter fridge with ice box",
    "legacy_uid": "blt804379a1ef2cffa2",
    "legacy_updated_at": "2022-10-04T09:42:10.564Z",
    "global_uid": "blt031b0f723c920a25",
    "global_updated_at": "2022-12-15T16:52:00.085Z",
    "parkholidays_uid": "blt59fee872a85f2759",
    "parkholidays_updated_at": "2022-12-15T16:01:16.475Z",
    "parkleisure_uid": "blt55720b9998e571ff",
    "parkleisure_updated_at": "2022-12-15T16:01:17.734Z"
  },
  "96": {
    "id": "96",
    "from": "db.hire_type_features",
    "title": "Dining Table and Chairs",
    "legacy_uid": "blte531898c6a366921",
    "legacy_updated_at": "2022-10-04T09:42:16.499Z",
    "global_uid": "blt82be48a073e2b9bc",
    "global_updated_at": "2022-12-15T16:51:19.045Z",
    "parkholidays_uid": "blt57d8a899754dbded",
    "parkholidays_updated_at": "2022-12-15T16:00:35.090Z",
    "parkleisure_uid": "blt54345a57c0914ee6",
    "parkleisure_updated_at": "2022-12-15T16:00:36.303Z"
  },
  "97": {
    "id": "97",
    "from": "db.hire_type_features",
    "title": "Hair Dryer",
    "legacy_uid": "bltc8b931d658ff66ca",
    "legacy_updated_at": "2022-10-04T09:42:38.563Z",
    "global_uid": "blta5d9b008a71e664a",
    "global_updated_at": "2022-12-15T16:48:45.124Z",
    "parkholidays_uid": "blt35e9a401e6991bb0",
    "parkholidays_updated_at": "2022-12-15T15:57:58.965Z",
    "parkleisure_uid": "bltea4e00126316f499",
    "parkleisure_updated_at": "2022-12-15T15:58:00.180Z"
  },
  "98": {
    "id": "98",
    "from": "db.hire_type_features",
    "title": "Toiletries",
    "legacy_uid": "blt211d73972ec2a757",
    "legacy_updated_at": "2022-10-04T09:42:35.642Z",
    "global_uid": "blt50c6a98cdf5c5253",
    "global_updated_at": "2022-12-15T16:49:05.715Z",
    "parkleisure_uid": "blt4f8e843fe3616fd2",
    "parkleisure_updated_at": "2022-12-15T15:58:20.820Z",
    "parkholidays_uid": "blte95c418fbda3fc83",
    "parkholidays_updated_at": "2022-12-15T15:58:19.597Z"
  },
  "99": {
    "id": "99",
    "from": "db.hire_type_features",
    "title": "Robes and Slippers",
    "legacy_uid": "bltaf3643e96d3613db",
    "legacy_updated_at": "2022-10-04T09:42:34.190Z",
    "global_uid": "blt2d14faeed55ae477",
    "global_updated_at": "2022-12-15T16:49:15.990Z",
    "parkleisure_uid": "bltee26fc04e066a5c4",
    "parkleisure_updated_at": "2022-12-15T15:58:30.977Z",
    "parkholidays_uid": "blt504742273d14fdbf",
    "parkholidays_updated_at": "2022-12-15T15:58:29.822Z"
  },
  "100": {
    "id": "100",
    "from": "db.hire_type_features",
    "title": "Towels",
    "legacy_uid": "blt3656bef77eebbb71",
    "legacy_updated_at": "2022-10-04T09:42:32.721Z",
    "global_uid": "blt9a0a7d51acdb231e",
    "global_updated_at": "2022-12-15T16:49:26.266Z",
    "parkholidays_uid": "blt2797adf14d02d36a",
    "parkholidays_updated_at": "2022-12-15T15:58:40.175Z",
    "parkleisure_uid": "blta566f43d282572c1",
    "parkleisure_updated_at": "2022-12-15T15:58:41.293Z"
  },
  "102": {
    "id": "102",
    "from": "db.hire_type_features",
    "title": "49'' Smart TV in Lounge",
    "legacy_uid": "blt3096764440f35d43",
    "legacy_updated_at": "2022-10-04T09:41:45.629Z",
    "global_uid": "blt8e635ffc086cb641",
    "global_updated_at": "2022-12-15T16:54:54.339Z",
    "parkholidays_uid": "blt0a99a7f0f91d4d43",
    "parkholidays_updated_at": "2022-12-15T16:04:12.249Z",
    "parkleisure_uid": "blt26bb8c1971a1927f",
    "parkleisure_updated_at": "2022-12-15T16:04:13.317Z"
  },
  "103": {
    "id": "103",
    "from": "db.hire_type_features",
    "title": "Breakfast bar",
    "legacy_uid": "blt8ee9cdf7d06401a2",
    "legacy_updated_at": "2022-10-04T09:42:07.616Z",
    "global_uid": "bltcdfe8780cddf7bf9",
    "global_updated_at": "2022-12-15T16:52:20.612Z",
    "parkholidays_uid": "blt10d8889f06f4b72b",
    "parkholidays_updated_at": "2022-12-15T16:01:37.251Z",
    "parkleisure_uid": "bltf7b7759b8ca404e7",
    "parkleisure_updated_at": "2022-12-15T16:01:38.323Z"
  },
  "104": {
    "id": "104",
    "from": "db.hire_type_features",
    "title": "43'' Smart TV in Double bedroom",
    "legacy_uid": "bltce97d629bdd9f2d1",
    "legacy_updated_at": "2022-10-04T09:42:25.351Z",
    "global_uid": "blta363e60ff214aa83",
    "global_updated_at": "2022-12-15T16:50:17.712Z",
    "parkleisure_uid": "blt779438089dab1b4d",
    "parkleisure_updated_at": "2022-12-15T15:59:32.965Z",
    "parkholidays_uid": "bltf2e69935f269c235",
    "parkholidays_updated_at": "2022-12-15T15:59:31.814Z"
  },
  "105": {
    "id": "105",
    "from": "db.hire_type_features",
    "title": "32\" Smart TV in Twin bedroom",
    "legacy_uid": "blt385621b2e2b5655c",
    "legacy_updated_at": "2022-10-04T08:22:28.358Z",
    "global_uid": "blt570fb15c8ac09bd8",
    "global_updated_at": "2022-12-15T17:08:06.476Z",
    "parkleisure_uid": "blt694ced7928f954c1",
    "parkleisure_updated_at": "2022-12-15T16:17:25.875Z",
    "parkholidays_uid": "bltf63ccc3cc75f0e10",
    "parkholidays_updated_at": "2022-12-15T16:17:24.903Z"
  },
  "106": {
    "id": "106",
    "from": "db.hire_type_features",
    "title": "Views over the park",
    "legacy_uid": "bltd74d9ee70142af36",
    "legacy_updated_at": "2022-10-04T09:41:35.211Z",
    "global_uid": "blt030f40f02cde0499",
    "global_updated_at": "2022-12-15T16:56:06.208Z",
    "parkholidays_uid": "blt43934d98e85c309d",
    "parkholidays_updated_at": "2022-12-15T16:05:24.542Z",
    "parkleisure_uid": "blt68abb97ec3862170",
    "parkleisure_updated_at": "2022-12-15T16:05:25.741Z"
  },
  "107": {
    "id": "107",
    "from": "db.hire_type_features",
    "title": "Bathroom with freestanding bath and separate rain shower",
    "legacy_uid": "bltaf9d9306da1abe52",
    "legacy_updated_at": "2022-10-04T08:22:41.544Z",
    "global_uid": "blt21438a9605745efb",
    "global_updated_at": "2022-12-15T17:06:33.781Z",
    "parkholidays_uid": "blt7dcafe2cda6e37b3",
    "parkholidays_updated_at": "2022-12-15T16:15:52.266Z",
    "parkleisure_uid": "bltbdbe8ebeb82daa05",
    "parkleisure_updated_at": "2022-12-15T16:15:53.237Z"
  },
  "108": {
    "id": "108",
    "from": "db.hire_type_features",
    "title": "Open-plan Living Area",
    "legacy_uid": "bltcf9e03dca6823777",
    "legacy_updated_at": "2022-10-04T09:41:42.653Z",
    "global_uid": "blt339770a130fd4230",
    "global_updated_at": "2022-12-15T16:55:14.757Z",
    "parkleisure_uid": "bltc08c10a143aed7f3",
    "parkleisure_updated_at": "2022-12-15T16:04:33.995Z",
    "parkholidays_uid": "blt8b908e0666fee0db",
    "parkholidays_updated_at": "2022-12-15T16:04:32.823Z"
  },
  "109": {
    "id": "109",
    "from": "db.hire_type_features",
    "title": "Bed linen included",
    "legacy_uid": "blt531ba7dbd1fbe1ee",
    "legacy_updated_at": "2022-10-04T08:22:47.421Z",
    "global_uid": "blt36cede3cb7a5dd7e",
    "global_updated_at": "2022-12-15T17:05:52.396Z",
    "parkleisure_uid": "bltfccd676cfd6674f7",
    "parkleisure_updated_at": "2022-12-15T16:15:11.796Z",
    "parkholidays_uid": "blt89272e564cc06845",
    "parkholidays_updated_at": "2022-12-15T16:15:10.843Z"
  },
  "110": {
    "id": "110",
    "from": "db.hire_type_features",
    "title": "Gas, water, electricity and entertainment passes included",
    "legacy_uid": "bltb94fce0fdb1583c8",
    "legacy_updated_at": "2022-10-04T08:23:09.529Z",
    "global_uid": "blt2724215ff0dc9d68",
    "global_updated_at": "2022-12-15T17:03:18.286Z",
    "parkleisure_uid": "bltdba7da1f12a32de5",
    "parkleisure_updated_at": "2022-12-15T16:12:37.869Z",
    "parkholidays_uid": "bltdce65a96b534f5ce",
    "parkholidays_updated_at": "2022-12-15T16:12:36.836Z"
  },
  "111": {
    "id": "111",
    "from": "db.hire_type_features",
    "title": "Gas, water and electricity included with direct bookings",
    "legacy_uid": "blt03c992d68b211b96",
    "legacy_updated_at": "2022-10-04T08:23:44.837Z",
    "global_uid": "blt2c235d45bfc83f97",
    "global_updated_at": "2022-12-15T16:59:10.884Z",
    "parkleisure_uid": "blt33a9c9a29cdbbac3",
    "parkleisure_updated_at": "2022-12-15T16:08:30.789Z",
    "parkholidays_uid": "blt3b8dbe21d085e523",
    "parkholidays_updated_at": "2022-12-15T16:08:29.910Z"
  },
  "112": {
    "id": "112",
    "from": "db.hire_type_features",
    "title": "En-suite with shower",
    "legacy_uid": "blt535f48ab98f3c13f",
    "legacy_updated_at": "2022-10-04T08:23:37.507Z",
    "global_uid": "blt29772f2b9683b285",
    "global_updated_at": "2022-12-15T17:00:02.460Z",
    "parkleisure_uid": "blta1ea6e51112c5f04",
    "parkleisure_updated_at": "2022-12-15T16:09:21.965Z",
    "parkholidays_uid": "blt574fad460f9e2d55",
    "parkholidays_updated_at": "2022-12-15T16:09:20.924Z"
  },
  "113": {
    "id": "113",
    "from": "db.hire_type_features",
    "title": "Washing Machine",
    "legacy_uid": "blte9b62ed58b91f227",
    "legacy_updated_at": "2022-10-04T08:23:03.642Z",
    "global_uid": "blta0e4908d7a3f4d92",
    "global_updated_at": "2022-12-15T17:03:59.463Z",
    "parkleisure_uid": "blt56d4df6c43a9e80d",
    "parkleisure_updated_at": "2022-12-15T16:13:18.951Z",
    "parkholidays_uid": "blt37e9345b9c15fbad",
    "parkholidays_updated_at": "2022-12-15T16:13:17.875Z"
  },
  "114": {
    "id": "114",
    "from": "db.hire_type_features",
    "title": "49\" TV in Lounge",
    "legacy_uid": "bltc5957dadaecd4019",
    "legacy_updated_at": "2022-10-04T08:23:19.797Z",
    "global_uid": "blt2ecf85f67879f3a6",
    "global_updated_at": "2022-12-15T17:02:06.109Z",
    "parkholidays_uid": "blt03e563ef18e86692",
    "parkholidays_updated_at": "2022-12-15T16:11:24.592Z",
    "parkleisure_uid": "blta425abb772e4e4e2",
    "parkleisure_updated_at": "2022-12-15T16:11:25.601Z"
  },
  "115": {
    "id": "115",
    "from": "db.hire_type_features",
    "title": "13ft wide",
    "legacy_uid": "bltce050a176e51e31d",
    "legacy_updated_at": "2022-10-04T08:22:31.306Z",
    "global_uid": "bltd629690ebe6a4224",
    "global_updated_at": "2022-12-15T17:07:45.918Z",
    "parkholidays_uid": "blt89fb649bf139b81c",
    "parkholidays_updated_at": "2022-12-15T16:17:04.338Z",
    "parkleisure_uid": "blte2b53ae9075d9f6a",
    "parkleisure_updated_at": "2022-12-15T16:17:05.324Z"
  },
  "116": {
    "id": "116",
    "from": "db.hire_type_features",
    "title": "Smart Speaker",
    "legacy_uid": "blt701e54d2c397f379",
    "legacy_updated_at": "2022-10-04T08:23:16.860Z",
    "global_uid": "bltc5a0b185938aa1d9",
    "global_updated_at": "2022-12-15T17:02:26.758Z",
    "parkholidays_uid": "blt680f9de5740fe282",
    "parkholidays_updated_at": "2022-12-15T16:11:45.176Z",
    "parkleisure_uid": "blt14349d8afc91c240",
    "parkleisure_updated_at": "2022-12-15T16:11:46.264Z"
  },
  "117": {
    "id": "117",
    "from": "db.hire_type_features",
    "title": "2 x Toilets",
    "legacy_uid": "blt36ef2c4a1a336479",
    "legacy_updated_at": "2022-10-04T08:23:27.243Z",
    "global_uid": "blt00943a661939d76f",
    "global_updated_at": "2022-12-15T17:01:14.496Z",
    "parkholidays_uid": "blt7809fb29d91bc06c",
    "parkholidays_updated_at": "2022-12-15T16:10:33.240Z",
    "parkleisure_uid": "blt8743c98895000acb",
    "parkleisure_updated_at": "2022-12-15T16:10:34.274Z"
  },
  "118": {
    "id": "118",
    "from": "db.hire_type_features",
    "title": "Full size double bed in second bedroom",
    "legacy_uid": "bltcd71e377f8910b10",
    "legacy_updated_at": "2022-10-04T08:23:22.821Z",
    "global_uid": "blte04b5453e6683d67",
    "global_updated_at": "2022-12-15T17:01:45.408Z",
    "parkholidays_uid": "bltf10745f89be39200",
    "parkholidays_updated_at": "2022-12-15T16:11:04.075Z",
    "parkleisure_uid": "bltb449981ae05b30f1",
    "parkleisure_updated_at": "2022-12-15T16:11:05.069Z"
  },
  "119": {
    "id": "119",
    "from": "db.hire_type_features",
    "title": "Full size single beds in twin bedroom",
    "legacy_uid": "bltf35e55c5190401c8",
    "legacy_updated_at": "2022-10-04T08:23:24.300Z",
    "global_uid": "blt8d47d06d8ceb2f45",
    "global_updated_at": "2022-12-15T17:01:35.160Z",
    "parkleisure_uid": "bltbf87626335f65a84",
    "parkleisure_updated_at": "2022-12-15T16:10:54.635Z",
    "parkholidays_uid": "bltcfaf77c67b2a1634",
    "parkholidays_updated_at": "2022-12-15T16:10:53.693Z"
  },
  "120": {
    "id": "120",
    "from": "db.hire_type_features",
    "title": "Dishwasher",
    "legacy_uid": "blt8380d310b0a79ef6",
    "legacy_updated_at": "2022-10-04T08:23:40.439Z",
    "global_uid": "bltc27804677bedebd4",
    "global_updated_at": "2022-12-15T16:59:41.656Z",
    "parkholidays_uid": "bltfcf7e84e92235cb4",
    "parkholidays_updated_at": "2022-12-15T16:09:00.421Z",
    "parkleisure_uid": "blta9a18a409941ae91",
    "parkleisure_updated_at": "2022-12-15T16:09:01.429Z"
  },
  "121": {
    "id": "121",
    "from": "db.hire_type_features",
    "title": "Central heating throughout",
    "legacy_uid": "blt25260d13ef3213b7",
    "legacy_updated_at": "2022-10-04T08:22:57.746Z",
    "global_uid": "blt19155039dbfd3f42",
    "global_updated_at": "2022-12-15T17:04:40.561Z",
    "parkholidays_uid": "blt2f7cad5b6c0c293d",
    "parkholidays_updated_at": "2022-12-15T16:13:59.151Z",
    "parkleisure_uid": "blt0ce6c9482ff324de",
    "parkleisure_updated_at": "2022-12-15T16:14:00.197Z"
  },
  "122": {
    "id": "122",
    "from": "db.hire_type_features",
    "title": "Fresh water hook-up",
    "legacy_uid": "blt3ae000f5445c8bf2",
    "legacy_updated_at": "2022-10-04T08:23:46.297Z",
    "global_uid": "bltf892bc4fdb028a52",
    "global_updated_at": "2022-12-15T16:59:00.750Z",
    "parkholidays_uid": "blte88c2a7974240231",
    "parkholidays_updated_at": "2022-12-15T16:08:19.519Z",
    "parkleisure_uid": "blt613a1e13030c4b37",
    "parkleisure_updated_at": "2022-12-15T16:08:20.525Z"
  },
  "123": {
    "id": "123",
    "from": "db.hire_type_features",
    "title": "Private Patio area overlooking the pool",
    "legacy_uid": "bltbfc532ef42aa2463",
    "legacy_updated_at": "2022-10-04T08:23:02.176Z",
    "global_uid": "blt39e92f8a62fa6855",
    "global_updated_at": "2022-12-15T17:04:09.794Z",
    "parkholidays_uid": "blt23df44b2f939490f",
    "parkholidays_updated_at": "2022-12-15T16:13:28.197Z",
    "parkleisure_uid": "blt91d6f7bac1d24f12",
    "parkleisure_updated_at": "2022-12-15T16:13:29.112Z"
  },
  "125": {
    "id": "125",
    "from": "db.hire_type_features",
    "title": "Bathroom with shower",
    "legacy_uid": "bltf8627e43eb51c6cc",
    "legacy_updated_at": "2022-10-04T08:23:43.384Z",
    "global_uid": "blt4f2ea5f8261f6ad3",
    "global_updated_at": "2022-12-15T16:59:21.104Z",
    "parkholidays_uid": "bltc76a9428f976b89b",
    "parkholidays_updated_at": "2022-12-15T16:08:40.023Z",
    "parkleisure_uid": "bltae9f4669de90b888",
    "parkleisure_updated_at": "2022-12-15T16:08:41.028Z"
  },
  "126": {
    "id": "126",
    "from": "db.hire_type_features",
    "title": "Ground Floor",
    "legacy_uid": "blt47eef52a00a8420e",
    "legacy_updated_at": "2022-10-04T08:22:34.219Z",
    "global_uid": "blt443469ccde08f333",
    "global_updated_at": "2022-12-15T17:07:25.363Z",
    "parkholidays_uid": "blt6a3b62276bcd4f32",
    "parkholidays_updated_at": "2022-12-15T16:16:44.170Z",
    "parkleisure_uid": "blta9b382b58a1535ed",
    "parkleisure_updated_at": "2022-12-15T16:16:44.628Z"
  },
  "127": {
    "id": "127",
    "from": "db.hire_type_features",
    "title": "TV in lounge – minimum 40” with DVD player",
    "legacy_uid": "blt752206f20ecb274d",
    "legacy_updated_at": "2022-10-04T08:23:18.336Z",
    "global_uid": "blt81ec837cdf2a2c91",
    "global_updated_at": "2022-12-15T17:02:16.438Z",
    "parkleisure_uid": "blt8e11ab53c1300759",
    "parkleisure_updated_at": "2022-12-15T16:11:35.835Z",
    "parkholidays_uid": "blte6579359f83ff81f",
    "parkholidays_updated_at": "2022-12-15T16:11:34.824Z"
  },
  "128": {
    "id": "128",
    "from": "db.hire_type_features",
    "title": "King Size bed made up with bolster cushions and bed runner",
    "legacy_uid": "blt844dfa9db25978fa",
    "legacy_updated_at": "2022-10-04T08:23:25.789Z",
    "global_uid": "blt092cf717cc871bff",
    "global_updated_at": "2022-12-15T17:01:24.841Z",
    "parkholidays_uid": "blt36b2632e38f1bc14",
    "parkholidays_updated_at": "2022-12-15T16:10:43.600Z",
    "parkleisure_uid": "blt2dca577b33b4c59e",
    "parkleisure_updated_at": "2022-12-15T16:10:44.453Z"
  },
  "129": {
    "id": "129",
    "from": "db.hire_type_features",
    "title": "En-Suite bathroom with shower",
    "legacy_uid": "blt88a5a6230ade066e",
    "legacy_updated_at": "2022-10-04T08:23:38.977Z",
    "global_uid": "blt723511b4717dede4",
    "global_updated_at": "2022-12-15T16:59:51.955Z",
    "parkleisure_uid": "blt06c92dbc7f1614c7",
    "parkleisure_updated_at": "2022-12-15T16:09:11.691Z",
    "parkholidays_uid": "blt88679579a751f259",
    "parkholidays_updated_at": "2022-12-15T16:09:10.689Z"
  },
  "131": {
    "id": "131",
    "from": "db.hire_type_features",
    "title": "49\" TV in Lounge with DVD player",
    "legacy_uid": "bltb9475e57e9c50cda",
    "legacy_updated_at": "2022-10-04T08:23:15.409Z",
    "global_uid": "blt316020c87d7153b5",
    "global_updated_at": "2022-12-15T17:02:37.108Z",
    "parkholidays_uid": "bltff8b759b9945bfe8",
    "parkholidays_updated_at": "2022-12-15T16:11:55.482Z",
    "parkleisure_uid": "blt575ae0c6730e40c8",
    "parkleisure_updated_at": "2022-12-15T16:11:56.555Z"
  },
  "132": {
    "id": "132",
    "from": "db.hire_type_features",
    "title": "TV in double bedrooms",
    "legacy_uid": "blt5e466fb2c71150c3",
    "legacy_updated_at": "2022-10-04T09:42:29.702Z",
    "global_uid": "bltbb2396c3c45d27b3",
    "global_updated_at": "2022-12-15T16:49:46.782Z",
    "parkleisure_uid": "blt4f5b86aa734e5458",
    "parkleisure_updated_at": "2022-12-15T15:59:02.037Z",
    "parkholidays_uid": "blt4cf2514897100d92",
    "parkholidays_updated_at": "2022-12-15T15:59:00.770Z"
  },
  "133": {
    "id": "133",
    "from": "db.hire_type_features",
    "title": "Washing machine & dryer",
    "legacy_uid": "blt9c8a40e946485c45",
    "legacy_updated_at": "2022-10-04T08:23:06.609Z",
    "global_uid": "blt3666664067eae1a7",
    "global_updated_at": "2022-12-15T17:03:38.805Z",
    "parkholidays_uid": "blt164fc8f512e9d71d",
    "parkholidays_updated_at": "2022-12-15T16:12:57.231Z",
    "parkleisure_uid": "bltac21753d30df0674",
    "parkleisure_updated_at": "2022-12-15T16:12:58.215Z"
  },
  "134": {
    "id": "134",
    "from": "db.hire_type_features",
    "title": "Bathroom with bath and separate shower",
    "legacy_uid": "blt25a06430c723c471",
    "legacy_updated_at": "2022-10-04T08:22:40.071Z",
    "global_uid": "blt201627dd6d356e0f",
    "global_updated_at": "2022-12-15T17:06:44.064Z",
    "parkleisure_uid": "blt8c01470a30ae0e1c",
    "parkleisure_updated_at": "2022-12-15T16:16:03.589Z",
    "parkholidays_uid": "blt3d95f393a37af738",
    "parkholidays_updated_at": "2022-12-15T16:16:02.684Z"
  },
  "136": {
    "id": "136",
    "from": "db.hire_type_features",
    "title": "Country views",
    "legacy_uid": "blt1c0c389c81abe979",
    "legacy_updated_at": "2022-10-04T10:00:48.766Z",
    "global_uid": "blt7c5e3a03586a0367",
    "global_updated_at": "2022-12-15T16:46:10.938Z",
    "parkholidays_uid": "blt770866d117d0d4f0",
    "parkholidays_updated_at": "2022-12-15T15:55:23.227Z",
    "parkleisure_uid": "blt03419eef2630713c",
    "parkleisure_updated_at": "2022-12-15T15:55:24.466Z"
  },
  "137": {
    "id": "137",
    "from": "db.hire_type_features",
    "title": "Grey Waste Drainage",
    "legacy_uid": "blte131a30dde3ae4fa",
    "legacy_updated_at": "2022-10-04T08:23:28.699Z",
    "global_uid": "blt96683e82a6e10cba",
    "global_updated_at": "2022-12-15T17:01:04.173Z",
    "parkleisure_uid": "blt72aa182d9e8b9fd3",
    "parkleisure_updated_at": "2022-12-15T16:10:23.900Z",
    "parkholidays_uid": "blt27e69a17136da8d9",
    "parkholidays_updated_at": "2022-12-15T16:10:22.834Z"
  },
  "138": {
    "id": "138",
    "from": "db.hire_type_features",
    "title": "16 amp electric hook up",
    "legacy_uid": "bltab30f294c4a4ac6e",
    "legacy_updated_at": "2022-10-04T10:00:50.228Z",
    "global_uid": "bltcd72cfcb76548507",
    "global_updated_at": "2022-12-15T16:46:00.654Z",
    "parkleisure_uid": "bltc6cc15455e8a258b",
    "parkleisure_updated_at": "2022-12-15T15:55:14.145Z",
    "parkholidays_uid": "blt5330737833f6ebae",
    "parkholidays_updated_at": "2022-12-15T15:55:12.886Z"
  },
  "139": {
    "id": "139",
    "from": "db.hire_type_features",
    "title": "6x6 Pitch size",
    "legacy_uid": "blt110bd8896015b0ba",
    "legacy_updated_at": "2022-10-04T10:00:47.292Z",
    "global_uid": "blt6a75839ccbf606aa",
    "global_updated_at": "2022-12-15T16:46:21.245Z",
    "parkholidays_uid": "blt58767ff0f418f802",
    "parkholidays_updated_at": "2022-12-15T15:55:33.711Z",
    "parkleisure_uid": "blt2a41423e9d9f9174",
    "parkleisure_updated_at": "2022-12-15T15:55:34.861Z"
  },
  "140": {
    "id": "140",
    "from": "db.hire_type_features",
    "title": "7.5x7.5 Pitch size",
    "legacy_uid": "blt0945b141d9081592",
    "legacy_updated_at": "2022-10-04T10:00:45.830Z",
    "global_uid": "bltb650a65f0dbcefd2",
    "global_updated_at": "2022-12-15T16:46:31.530Z",
    "parkholidays_uid": "blt0af4a82d44c2087d",
    "parkholidays_updated_at": "2022-12-15T15:55:44.006Z",
    "parkleisure_uid": "blt7b472d7643599fb2",
    "parkleisure_updated_at": "2022-12-15T15:55:45.170Z"
  },
  "141": {
    "id": "141",
    "from": "db.hire_type_features",
    "title": "10 amp electric hook-up",
    "legacy_uid": "blt5539b46b636d3fa1",
    "legacy_updated_at": "2022-10-04T10:00:32.663Z",
    "global_uid": "blt5626487b4a274e27",
    "global_updated_at": "2022-12-15T16:48:04.194Z",
    "parkholidays_uid": "blte1f8b4c52e80a766",
    "parkholidays_updated_at": "2022-12-15T15:57:17.524Z",
    "parkleisure_uid": "blt0402bfc97d4f1e05",
    "parkleisure_updated_at": "2022-12-15T15:57:18.601Z"
  },
  "142": {
    "id": "142",
    "from": "db.hire_type_features",
    "title": "Full size fridge freezer",
    "legacy_uid": "bltf96d5d0f1b0584a9",
    "legacy_updated_at": "2022-10-04T09:42:09.082Z",
    "global_uid": "blt19e578d216cfbd2f",
    "global_updated_at": "2022-12-15T16:52:10.366Z",
    "parkleisure_uid": "blt13a29472a7024725",
    "parkleisure_updated_at": "2022-12-15T16:01:28.038Z",
    "parkholidays_uid": "blt867311055755f03e",
    "parkholidays_updated_at": "2022-12-15T16:01:26.769Z"
  },
  "143": {
    "id": "143",
    "from": "db.hire_type_features",
    "title": "Private Decked Courtyard",
    "legacy_uid": "bltef5ecd56c8360bf9",
    "legacy_updated_at": "2022-10-04T09:41:39.599Z",
    "global_uid": "blt6669c74f01ca81d0",
    "global_updated_at": "2022-12-15T16:55:35.142Z",
    "parkholidays_uid": "blt56b147920beb0106",
    "parkholidays_updated_at": "2022-12-15T16:04:53.367Z",
    "parkleisure_uid": "blt954e85cb9f736fc7",
    "parkleisure_updated_at": "2022-12-15T16:04:54.578Z"
  },
  "144": {
    "id": "144",
    "from": "db.hire_type_features",
    "title": "Sorry No Pets",
    "legacy_uid": "blteae6ae6bc068a0bd",
    "legacy_updated_at": "2022-10-04T08:23:21.348Z",
    "global_uid": "blt58e371eb12781df4",
    "global_updated_at": "2022-12-15T17:01:55.775Z",
    "parkholidays_uid": "blta96748a0f13972e6",
    "parkholidays_updated_at": "2022-12-15T16:11:14.288Z",
    "parkleisure_uid": "blt62c71c3afe2954ff",
    "parkleisure_updated_at": "2022-12-15T16:11:15.291Z"
  },
  "145": {
    "id": "145",
    "from": "db.hire_type_features",
    "title": "Kitchenette including hob, sink, fridge & microwave",
    "legacy_uid": "blt9d00b3854b2bec43",
    "legacy_updated_at": "2022-10-04T09:42:04.700Z",
    "global_uid": "blta58e47971e5849fb",
    "global_updated_at": "2022-12-15T16:52:41.104Z",
    "parkleisure_uid": "blt3e5f15f11f656555",
    "parkleisure_updated_at": "2022-12-15T16:01:58.990Z",
    "parkholidays_uid": "bltca70890f7340b15a",
    "parkholidays_updated_at": "2022-12-15T16:01:57.797Z"
  },
  "146": {
    "id": "146",
    "from": "db.hire_type_features",
    "title": "Private Hot Tub",
    "legacy_uid": "blt07050bd0a551c77c",
    "legacy_updated_at": "2022-10-04T09:41:58.847Z",
    "global_uid": "blt72d3575b5ac8ceea",
    "global_updated_at": "2022-12-15T16:53:22.185Z",
    "parkholidays_uid": "blt5c4c976a839ed125",
    "parkholidays_updated_at": "2022-12-15T16:02:39.161Z",
    "parkleisure_uid": "bltf3fb6993b2d5da66",
    "parkleisure_updated_at": "2022-12-15T16:02:40.354Z"
  },
  "147": {
    "id": "147",
    "from": "db.hire_type_features",
    "title": "32\" TV in Living Area",
    "legacy_uid": "blt10673261ffd3104b",
    "legacy_updated_at": "2022-10-04T08:22:35.681Z",
    "global_uid": "blt88015f17f4a0a71f",
    "global_updated_at": "2022-12-15T17:07:15.062Z",
    "parkholidays_uid": "blt02a3d75199a9ab41",
    "parkholidays_updated_at": "2022-12-15T16:16:33.427Z",
    "parkleisure_uid": "blt02cd523ec2c9e674",
    "parkleisure_updated_at": "2022-12-15T16:16:34.503Z"
  },
  "148": {
    "id": "148",
    "from": "db.hire_type_features",
    "title": "3 Full Size Single Beds on the first floor",
    "legacy_uid": "blt7c1cadedae1b772c",
    "legacy_updated_at": "2022-10-04T08:22:26.897Z",
    "global_uid": "blt185e9cf059cd7ce6",
    "global_updated_at": "2022-12-15T17:08:16.708Z",
    "parkholidays_uid": "blt729bb40563d13c48",
    "parkholidays_updated_at": "2022-12-15T16:17:35.393Z",
    "parkleisure_uid": "blt0e73061e6ae1640c",
    "parkleisure_updated_at": "2022-12-15T16:17:36.324Z"
  },
  "150": {
    "id": "150",
    "from": "db.hire_type_features",
    "title": "Ready assembled Tent",
    "legacy_uid": "blt4d5f7a81a8af4956",
    "legacy_updated_at": "2022-10-04T09:41:22.048Z",
    "global_uid": "bltbd81199601a6f63c",
    "global_updated_at": "2022-12-15T16:57:38.408Z",
    "parkholidays_uid": "blt43c8891128d08800",
    "parkholidays_updated_at": "2022-12-15T16:06:57.543Z",
    "parkleisure_uid": "bltc0d7125a3810a945",
    "parkleisure_updated_at": "2022-12-15T16:06:58.561Z"
  },
  "151": {
    "id": "151",
    "from": "db.hire_type_features",
    "title": "Kitchenette including hob, fridge, kettle & microwave",
    "legacy_uid": "blt7081c0062f58b7e1",
    "legacy_updated_at": "2022-10-04T09:41:52.969Z",
    "global_uid": "blt7d543e67001bea09",
    "global_updated_at": "2022-12-15T16:54:03.050Z",
    "parkholidays_uid": "blta772d5b7f2f3289d",
    "parkholidays_updated_at": "2022-12-15T16:03:20.613Z",
    "parkleisure_uid": "blt6b5e2e71e7b2d964",
    "parkleisure_updated_at": "2022-12-15T16:03:21.885Z"
  },
  "152": {
    "id": "152",
    "from": "db.hire_type_features",
    "title": "8x4 Pitch Size",
    "legacy_uid": "blte7e9149e016be8e8",
    "legacy_updated_at": "2022-10-04T10:00:37.057Z",
    "global_uid": "blt693c31a378f705ab",
    "global_updated_at": "2022-12-15T16:47:33.410Z",
    "parkholidays_uid": "blte948a0072e2408e3",
    "parkholidays_updated_at": "2022-12-15T15:56:46.312Z",
    "parkleisure_uid": "bltb1d76eae497328f9",
    "parkleisure_updated_at": "2022-12-15T15:56:47.455Z"
  },
  "153": {
    "id": "153",
    "from": "db.hire_type_features",
    "title": "Private En-suite & Shower Facilities",
    "legacy_uid": "blt89a501ae852f32fe",
    "legacy_updated_at": "2022-10-04T09:42:01.770Z",
    "global_uid": "blte7f8d1a0f049673e",
    "global_updated_at": "2022-12-15T16:53:01.634Z",
    "parkholidays_uid": "blt33ddb0fd4d0c0437",
    "parkholidays_updated_at": "2022-12-15T16:02:18.546Z",
    "parkleisure_uid": "bltf204b9fcce466087",
    "parkleisure_updated_at": "2022-12-15T16:02:19.762Z"
  },
  "154": {
    "id": "154",
    "from": "db.hire_type_features",
    "title": "12 amp electric hook-up",
    "legacy_uid": "bltd13e4a684c8ae6dd",
    "legacy_updated_at": "2022-10-04T10:00:34.137Z",
    "global_uid": "bltc3f2990d6fcb0efe",
    "global_updated_at": "2022-12-15T16:47:53.807Z",
    "parkholidays_uid": "blta92787cc098c64e6",
    "parkholidays_updated_at": "2022-12-15T15:57:07.002Z",
    "parkleisure_uid": "blt7d4c63dbf726f3cd",
    "parkleisure_updated_at": "2022-12-15T15:57:08.123Z"
  },
  "155": {
    "id": "155",
    "from": "db.hire_type_features",
    "title": "7x3 Pitch Size",
    "legacy_uid": "blt66f9244f7e6c7852",
    "legacy_updated_at": "2022-10-04T10:00:38.516Z",
    "global_uid": "blt32c966679aba74cf",
    "global_updated_at": "2022-12-15T16:47:23.036Z",
    "parkleisure_uid": "blt2c1759a922a9e7a8",
    "parkleisure_updated_at": "2022-12-15T15:56:37.067Z",
    "parkholidays_uid": "blt7dc8f3d01d0365af",
    "parkholidays_updated_at": "2022-12-15T15:56:35.845Z"
  },
  "156": {
    "id": "156",
    "from": "db.hire_type_features",
    "title": "7x7 Pitch Size",
    "legacy_uid": "blt244b75f7f833027a",
    "legacy_updated_at": "2022-10-04T10:00:41.454Z",
    "global_uid": "bltd46a57d3bfaf050b",
    "global_updated_at": "2022-12-15T16:47:02.547Z",
    "parkholidays_uid": "blt67d253f6d1eceda6",
    "parkholidays_updated_at": "2022-12-15T15:56:15.135Z",
    "parkleisure_uid": "bltfe1ec6bf2d8ec977",
    "parkleisure_updated_at": "2022-12-15T15:56:16.355Z"
  },
  "157": {
    "id": "157",
    "from": "db.hire_type_features",
    "title": "8x8 Pitch Size",
    "legacy_uid": "bltd35b46c9f5ac1041",
    "legacy_updated_at": "2022-10-04T10:00:44.347Z",
    "global_uid": "blte0b5fb6b741a47fc",
    "global_updated_at": "2022-12-15T16:46:41.825Z",
    "parkholidays_uid": "blt28491abcd060fb8d",
    "parkholidays_updated_at": "2022-12-15T15:55:54.518Z",
    "parkleisure_uid": "blt90933ba13bd3acc6",
    "parkleisure_updated_at": "2022-12-15T15:55:55.637Z"
  },
  "158": {
    "id": "158",
    "from": "db.hire_type_features",
    "title": "Patio Area",
    "legacy_uid": "bltbf1393335afe382e",
    "legacy_updated_at": "2022-10-04T08:22:59.259Z",
    "global_uid": "blt7114426313502a62",
    "global_updated_at": "2022-12-15T17:04:30.374Z",
    "parkleisure_uid": "blt2c1c5ad992c50629",
    "parkleisure_updated_at": "2022-12-15T16:13:49.879Z",
    "parkholidays_uid": "bltb5c2bd6751498885",
    "parkholidays_updated_at": "2022-12-15T16:13:48.883Z"
  },
  "159": {
    "id": "159",
    "from": "db.hire_type_features",
    "title": "Log Burner",
    "legacy_uid": "bltc373e9999c0d01c0",
    "legacy_updated_at": "2022-10-04T08:22:12.292Z",
    "global_uid": "blt469580b0b18e0b9d",
    "global_updated_at": "2022-12-15T17:09:59.308Z",
    "parkholidays_uid": "blta72209f411153151",
    "parkholidays_updated_at": "2022-12-15T16:19:17.934Z",
    "parkleisure_uid": "blt4f59305130134bab",
    "parkleisure_updated_at": "2022-12-15T16:19:19.023Z"
  },
  "160": {
    "id": "160",
    "from": "db.hire_type_features",
    "title": "En-Suite shower (or seperate shower room)",
    "legacy_uid": "blt4bc22aaed66c2bd5",
    "legacy_updated_at": "2022-10-04T08:22:21.060Z",
    "global_uid": "blt3f9692a5661d8819",
    "global_updated_at": "2022-12-15T17:08:57.678Z",
    "parkholidays_uid": "blt98e1bfca9f035d93",
    "parkholidays_updated_at": "2022-12-15T16:18:16.195Z",
    "parkleisure_uid": "blt30ac7e032d0cba06",
    "parkleisure_updated_at": "2022-12-15T16:18:17.207Z"
  },
  "161": {
    "id": "161",
    "from": "db.hire_type_features",
    "title": "Seperate Shower Room",
    "legacy_uid": "blt9ee0df31d55012b9",
    "legacy_updated_at": "2022-10-04T08:23:36.043Z",
    "global_uid": "blt7aaa31ce26cf4596",
    "global_updated_at": "2022-12-15T17:00:12.941Z",
    "parkholidays_uid": "blt03cf39c28327a374",
    "parkholidays_updated_at": "2022-12-15T16:09:31.296Z",
    "parkleisure_uid": "blt1553bf6be0fe8645",
    "parkleisure_updated_at": "2022-12-15T16:09:32.253Z"
  },
  "163": {
    "id": "163",
    "from": "db.hire_type_features",
    "title": "Heated Towel Rail ",
    "legacy_uid": "bltc22c48b832ad4e33",
    "legacy_updated_at": "2022-10-04T09:42:37.119Z",
    "global_uid": "blt00c05067ad1c287f",
    "global_updated_at": "2022-12-15T16:48:55.402Z",
    "parkholidays_uid": "blt18c5df5dac03fe88",
    "parkholidays_updated_at": "2022-12-15T15:58:09.398Z",
    "parkleisure_uid": "blte153544d5f29b794",
    "parkleisure_updated_at": "2022-12-15T15:58:10.666Z"
  },
  "165": {
    "id": "165",
    "from": "db.hire_type_features",
    "title": "Private Balcony",
    "legacy_uid": "blte76070510c093020",
    "legacy_updated_at": "2022-10-04T09:41:36.659Z",
    "global_uid": "blt937f9d898a26a4dd",
    "global_updated_at": "2022-12-15T16:55:55.913Z",
    "parkholidays_uid": "bltbedcffd6fb3a31be",
    "parkholidays_updated_at": "2022-12-15T16:05:14.111Z",
    "parkleisure_uid": "blt1b7568e155d440c6",
    "parkleisure_updated_at": "2022-12-15T16:05:15.258Z"
  },
  "167": {
    "id": "167",
    "from": "db.hire_type_features",
    "title": "Patio or Veranda",
    "legacy_uid": "blt49dafe6338c54a10",
    "legacy_updated_at": "2022-10-04T08:22:56.268Z",
    "global_uid": "blte7a57cbdfd007219",
    "global_updated_at": "2022-12-15T17:04:50.841Z",
    "parkholidays_uid": "blt69d58e66bb68d2c6",
    "parkholidays_updated_at": "2022-12-15T16:14:09.364Z",
    "parkleisure_uid": "bltafa616be02ddd230",
    "parkleisure_updated_at": "2022-12-15T16:14:10.391Z"
  },
  "168": {
    "id": "168",
    "from": "db.hire_type_features",
    "title": "7x6 Pitch Size",
    "legacy_uid": "blt122cec6b5c284c5c",
    "legacy_updated_at": "2022-10-04T10:00:35.598Z",
    "global_uid": "blt6d39bb36c96f8433",
    "global_updated_at": "2022-12-15T16:47:43.679Z",
    "parkleisure_uid": "bltc9a1c4c578bf791f",
    "parkleisure_updated_at": "2022-12-15T15:56:57.907Z",
    "parkholidays_uid": "bltc440e3648f447b84",
    "parkholidays_updated_at": "2022-12-15T15:56:56.681Z"
  },
  "169": {
    "id": "169",
    "from": "db.hire_type_features",
    "title": "No Tents",
    "legacy_uid": "blt722231605ccb06bc",
    "legacy_updated_at": "2022-10-04T10:00:40.010Z",
    "global_uid": "bltf2e23a296afbafc0",
    "global_updated_at": "2022-12-15T16:47:12.831Z",
    "parkholidays_uid": "blta39dc44e68d1565a",
    "parkholidays_updated_at": "2022-12-15T15:56:25.571Z",
    "parkleisure_uid": "blt9deee2068eb95ee2",
    "parkleisure_updated_at": "2022-12-15T15:56:26.713Z"
  },
  "170": {
    "id": "170",
    "from": "db.hire_type_features",
    "title": "6x9 Pitch Size",
    "legacy_uid": "blt839ebde8afb78006",
    "legacy_updated_at": "2022-10-04T10:00:42.899Z",
    "global_uid": "blte2ac3c25401fe441",
    "global_updated_at": "2022-12-15T16:46:52.117Z",
    "parkleisure_uid": "blt93b77c82b7e9d46c",
    "parkleisure_updated_at": "2022-12-15T15:56:06.058Z",
    "parkholidays_uid": "blt8eda25a786ae12f7",
    "parkholidays_updated_at": "2022-12-15T15:56:04.846Z"
  },
  "171": {
    "id": "171",
    "from": "db.hire_type_features",
    "title": "Walk in shower with handrails & seat",
    "legacy_uid": "blt0e7a0a26db95455d",
    "legacy_updated_at": "2022-10-04T08:22:44.494Z",
    "global_uid": "blte735726f49fd0f77",
    "global_updated_at": "2022-12-15T17:06:13.142Z",
    "parkleisure_uid": "bltb4ef9c91fff6f929",
    "parkleisure_updated_at": "2022-12-15T16:15:32.704Z",
    "parkholidays_uid": "blta0e781310de74db2",
    "parkholidays_updated_at": "2022-12-15T16:15:31.718Z"
  },
  "172": {
    "id": "172",
    "from": "db.hire_type_features",
    "title": "Lowered sink unit in Kitchen",
    "legacy_uid": "blt8e46670cd5d7843d",
    "legacy_updated_at": "2022-10-04T09:41:55.911Z",
    "global_uid": "blta2b0ad19b476e4c4",
    "global_updated_at": "2022-12-15T16:53:42.614Z",
    "parkholidays_uid": "blt1b2ba41c64b2f2c1",
    "parkholidays_updated_at": "2022-12-15T16:02:59.977Z",
    "parkleisure_uid": "blt35bbdd56fb2d406d",
    "parkleisure_updated_at": "2022-12-15T16:03:01.258Z"
  },
  "173": {
    "id": "173",
    "from": "db.hire_type_features",
    "title": "Wide sliding doors",
    "legacy_uid": "blt52410b282e656e2f",
    "legacy_updated_at": "2022-10-04T08:23:00.700Z",
    "global_uid": "blt02197ebb45b92a65",
    "global_updated_at": "2022-12-15T17:04:20.077Z",
    "parkholidays_uid": "blt8a4c941f5caa5fda",
    "parkholidays_updated_at": "2022-12-15T16:13:38.545Z",
    "parkleisure_uid": "blt7fb38ac27fabe487",
    "parkleisure_updated_at": "2022-12-15T16:13:39.607Z"
  },
  "175": {
    "id": "175",
    "from": "db.hire_type_features",
    "title": "16ft Wide",
    "legacy_uid": "bltdb381978c48d1ee4",
    "legacy_updated_at": "2022-10-04T10:00:57.541Z",
    "global_uid": "bltdc6fe893f83c106b",
    "global_updated_at": "2022-12-15T16:45:09.083Z",
    "parkholidays_uid": "blte1e416eea9f1bdaa",
    "parkholidays_updated_at": "2022-12-15T15:54:21.044Z",
    "parkleisure_uid": "blt5228c59ea9cd1367",
    "parkleisure_updated_at": "2022-12-15T15:54:22.294Z"
  },
  "176": {
    "id": "176",
    "from": "db.hire_type_features",
    "title": "Family bathroom with shower or bath",
    "legacy_uid": "blt5948280bd47cc441",
    "legacy_updated_at": "2022-10-04T08:23:41.909Z",
    "global_uid": "blt6f9c6242fc45f51d",
    "global_updated_at": "2022-12-15T16:59:31.374Z",
    "parkholidays_uid": "blt1e8390cf3cd09a65",
    "parkholidays_updated_at": "2022-12-15T16:08:50.142Z",
    "parkleisure_uid": "blt71b83d8a60a2f010",
    "parkleisure_updated_at": "2022-12-15T16:08:51.152Z"
  },
  "177": {
    "id": "177",
    "from": "db.hire_type_features",
    "title": "6x3 Pitch Size",
    "legacy_uid": "blt693ea2c58e9243f4",
    "legacy_updated_at": "2022-10-04T10:00:31.176Z",
    "global_uid": "blte92c899c0f7f32ca",
    "global_updated_at": "2022-12-15T16:48:14.497Z",
    "parkleisure_uid": "blt11cdfe93662eb65a",
    "parkleisure_updated_at": "2022-12-15T15:57:28.860Z",
    "parkholidays_uid": "blt95e405c6c762c2dd",
    "parkholidays_updated_at": "2022-12-15T15:57:27.691Z"
  },
  "178": {
    "id": "178",
    "from": "db.hire_type_features",
    "title": "Entertainment passes included (for use at Silver Sands)",
    "legacy_uid": "bltb2b3bfd6f5c63c66",
    "legacy_updated_at": "2022-10-04T09:41:13.225Z",
    "global_uid": "blt21c45b5198d67f12",
    "global_updated_at": "2022-12-15T16:58:40.227Z",
    "parkholidays_uid": "blt3bedb6940cfafcd0",
    "parkholidays_updated_at": "2022-12-15T16:07:59.190Z",
    "parkleisure_uid": "blt82f9875bdd48bfa0",
    "parkleisure_updated_at": "2022-12-15T16:08:00.239Z"
  },
  "179": {
    "id": "179",
    "from": "db.hire_type_features",
    "title": "32\" Smart TV",
    "legacy_uid": "blt92eb31e1a6967d07",
    "legacy_updated_at": "2022-10-04T08:22:32.768Z",
    "global_uid": "bltb3f2ac42559152b3",
    "global_updated_at": "2022-12-15T17:07:35.669Z",
    "parkholidays_uid": "blt32b4e894401d47d1",
    "parkholidays_updated_at": "2022-12-15T16:16:54.130Z",
    "parkleisure_uid": "bltb18c6576a52987ce",
    "parkleisure_updated_at": "2022-12-15T16:16:55.071Z"
  },
  "180": {
    "id": "180",
    "from": "db.hire_type_features",
    "title": "Ground Floor Bathroom with Shower",
    "legacy_uid": "blted7513e8da327e53",
    "legacy_updated_at": "2022-10-04T08:23:30.163Z",
    "global_uid": "bltbb3fa13c3e71ff3d",
    "global_updated_at": "2022-12-15T17:00:53.934Z",
    "parkleisure_uid": "bltbd8c6ac2eeba29ab",
    "parkleisure_updated_at": "2022-12-15T16:10:13.631Z",
    "parkholidays_uid": "blt1d6f42850981c267",
    "parkholidays_updated_at": "2022-12-15T16:10:12.608Z"
  },
  "181": {
    "id": "181",
    "from": "db.hire_type_features",
    "title": "Upstairs Bathroom with Bath & Shower",
    "legacy_uid": "blt1bb7f9667468a199",
    "legacy_updated_at": "2022-10-04T08:23:31.646Z",
    "global_uid": "blt1f50c49a7c26d42f",
    "global_updated_at": "2022-12-15T17:00:43.661Z",
    "parkholidays_uid": "blta0184fe6e69a7736",
    "parkholidays_updated_at": "2022-12-15T16:10:02.407Z",
    "parkleisure_uid": "blt74de380a5c07c1d6",
    "parkleisure_updated_at": "2022-12-15T16:10:03.185Z"
  },
  "182": {
    "id": "182",
    "from": "db.hire_type_features",
    "title": "Bathroom with Shower",
    "legacy_uid": "bltd337f59f3d0a8c06",
    "legacy_updated_at": "2022-10-04T08:23:34.570Z",
    "global_uid": "blte77c6274ba553ba0",
    "global_updated_at": "2022-12-15T17:00:23.198Z",
    "parkleisure_uid": "blt0180f4ea2c0492eb",
    "parkleisure_updated_at": "2022-12-15T16:09:42.613Z",
    "parkholidays_uid": "blt35839485e4d095e8",
    "parkholidays_updated_at": "2022-12-15T16:09:41.578Z"
  },
  "183": {
    "id": "183",
    "from": "db.hire_type_features",
    "title": "Second Bathroom with Shower & Bath",
    "legacy_uid": "blt7f0b0bf293b07f09",
    "legacy_updated_at": "2022-10-04T08:23:33.128Z",
    "global_uid": "blt7c2d85709887ac0d",
    "global_updated_at": "2022-12-15T17:00:33.429Z",
    "parkleisure_uid": "bltebe5faffd2800d3f",
    "parkleisure_updated_at": "2022-12-15T16:09:52.832Z",
    "parkholidays_uid": "blt474683d39ca74ae2",
    "parkholidays_updated_at": "2022-12-15T16:09:51.857Z"
  },
  "184": {
    "id": "184",
    "from": "db.hire_type_features",
    "title": "42\" TV"
  }
}