{
  "2": {
    "id": "2",
    "from": "db.park_facilities",
    "title": "Entertainment Venue",
    "legacy_uid": "blt38487235ff3f0669",
    "legacy_updated_at": "2022-10-04T15:19:41.820Z",
    "global_uid": "blt6f57027cab32db2a",
    "global_updated_at": "2022-12-13T12:55:38.224Z",
    "parkholidays_uid": "blt0e678ed20233dbf5",
    "parkholidays_updated_at": "2022-12-13T12:55:39.534Z",
    "parkleisure_uid": "blt0c75d1fe0c079ef1",
    "parkleisure_updated_at": "2022-12-13T12:55:40.497Z"
  },
  "3": {
    "id": "3",
    "from": "db.park_facilities",
    "title": "Family Bar",
    "legacy_uid": "blt32d77226d193fae0",
    "legacy_updated_at": "2022-10-04T15:19:43.273Z",
    "global_uid": "blt677d0a74801e6fe3",
    "global_updated_at": "2022-12-13T12:55:27.995Z",
    "parkholidays_uid": "blte3787b66c6465cf8",
    "parkholidays_updated_at": "2022-12-13T12:55:29.373Z",
    "parkleisure_uid": "blt311f80a53b4163d0",
    "parkleisure_updated_at": "2022-12-13T12:55:30.408Z"
  },
  "4": {
    "id": "4",
    "from": "db.park_facilities",
    "title": "Kids Club (0 -14 yrs)",
    "legacy_uid": "blt2503e538b0301f43",
    "legacy_updated_at": "2022-10-04T15:19:02.239Z",
    "global_uid": "blt2d3844cbe0208d53",
    "global_updated_at": "2022-12-13T13:00:05.346Z",
    "parkholidays_uid": "blt7457ac183a885eb0",
    "parkholidays_updated_at": "2022-12-13T13:00:06.645Z",
    "parkleisure_uid": "blt15ef7eeaa0e50db8",
    "parkleisure_updated_at": "2022-12-13T13:00:07.657Z"
  },
  "14": {
    "id": "14",
    "from": "db.park_facilities",
    "title": "Entertainment Plus",
    "legacy_uid": "bltf0be28ec77a632b1",
    "legacy_updated_at": "2022-10-04T15:19:35.949Z",
    "global_uid": "bltd67a108f7548ed09",
    "global_updated_at": "2022-12-13T12:56:19.073Z",
    "parkholidays_uid": "blt07794191e0a7bf1f",
    "parkholidays_updated_at": "2022-12-13T12:56:20.348Z",
    "parkleisure_uid": "blt994292bb5a3de9c1",
    "parkleisure_updated_at": "2022-12-13T12:56:21.389Z"
  },
  "16": {
    "id": "16",
    "from": "db.park_facilities",
    "title": "Outdoor Pool",
    "legacy_uid": "blt00bb37d780cbcb04",
    "legacy_updated_at": "2022-10-04T15:19:49.117Z",
    "global_uid": "bltd04e095de2a7b527",
    "global_updated_at": "2022-12-13T12:54:46.879Z",
    "parkholidays_uid": "blt2de8d0b6b48e5754",
    "parkholidays_updated_at": "2022-12-13T12:54:48.228Z",
    "parkleisure_uid": "blt222875ea3476b84a",
    "parkleisure_updated_at": "2022-12-13T12:54:49.195Z"
  },
  "18": {
    "id": "18",
    "from": "db.park_facilities",
    "title": "Indoor Pool",
    "legacy_uid": "blt8b20ddd383a660a5",
    "legacy_updated_at": "2022-10-04T15:19:44.733Z",
    "global_uid": "blte0f1e74785a9b569",
    "global_updated_at": "2022-12-13T12:55:17.732Z",
    "parkholidays_uid": "blt6703aecfed4bb694",
    "parkholidays_updated_at": "2022-12-13T12:55:19.005Z",
    "parkleisure_uid": "blt14305704ecc18290",
    "parkleisure_updated_at": "2022-12-13T12:55:20.035Z"
  },
  "30": {
    "id": "30",
    "from": "db.park_facilities",
    "title": "Mini Mart Shop",
    "legacy_uid": "blt1e962aecbad58c19",
    "legacy_updated_at": "2022-10-04T15:19:47.650Z",
    "global_uid": "blte82d4b7e1e5ae76a",
    "global_updated_at": "2022-12-13T12:54:57.192Z",
    "parkholidays_uid": "blta4c902c92a1e857c",
    "parkholidays_updated_at": "2022-12-13T12:54:58.559Z",
    "parkleisure_uid": "bltd9bcbce6772e5c44",
    "parkleisure_updated_at": "2022-12-13T12:54:59.530Z"
  },
  "32": {
    "id": "32",
    "from": "db.park_facilities",
    "title": "Launderette",
    "legacy_uid": "blt2feeb4d71319cec7",
    "legacy_updated_at": "2022-10-04T15:19:46.186Z",
    "global_uid": "bltd5e73171fe3d4abb",
    "global_updated_at": "2022-12-13T12:55:07.514Z",
    "parkholidays_uid": "blt2313e63a3f1d88ec",
    "parkholidays_updated_at": "2022-12-13T12:55:08.894Z",
    "parkleisure_uid": "blt976acda48db42124",
    "parkleisure_updated_at": "2022-12-13T12:55:09.884Z"
  },
  "36": {
    "id": "36",
    "from": "db.park_facilities",
    "title": "Restaurant",
    "legacy_uid": "blt976ba634a09f3c34",
    "legacy_updated_at": "2022-10-04T15:19:52.038Z",
    "global_uid": "blt48f85b15e475b367",
    "global_updated_at": "2022-12-13T12:54:26.336Z",
    "parkholidays_uid": "blt012bcdd9d49391ce",
    "parkholidays_updated_at": "2022-12-13T12:54:28.418Z"
  },
  "41": {
    "id": "41",
    "from": "db.park_facilities",
    "title": "Neighbouring Park Use",
    "legacy_uid": "bltf21da3aa6445d007",
    "legacy_updated_at": "2022-10-04T15:19:16.840Z",
    "global_uid": "blte583695b1ac23060",
    "global_updated_at": "2022-12-13T12:58:22.692Z",
    "parkholidays_uid": "blt9cffd2721afeb0be",
    "parkholidays_updated_at": "2022-12-13T12:58:24.111Z",
    "parkleisure_uid": "bltca557257083c9855",
    "parkleisure_updated_at": "2022-12-13T12:58:25.131Z"
  },
  "45": {
    "id": "45",
    "from": "db.park_facilities",
    "title": "Pets Welcome",
    "legacy_uid": "blt4592b72bcf841f72",
    "legacy_updated_at": "2022-10-04T15:19:50.573Z",
    "global_uid": "blta4fd5b9c5e3d2303",
    "global_updated_at": "2022-12-13T12:54:36.595Z",
    "parkholidays_uid": "blt8a0250c95f83993b",
    "parkholidays_updated_at": "2022-12-13T12:54:38.010Z",
    "parkleisure_uid": "blt1b44363903f44467",
    "parkleisure_updated_at": "2022-12-13T12:54:39.036Z"
  },
  "49": {
    "id": "49",
    "from": "db.park_facilities",
    "title": "Evening Cabaret Acts",
    "legacy_uid": "bltb9961ac6168f214c",
    "legacy_updated_at": "2022-10-04T15:19:34.465Z",
    "global_uid": "blt2e9ab4031d7afa9f",
    "global_updated_at": "2022-12-13T12:56:29.251Z",
    "parkholidays_uid": "blt37d10803f1d76160",
    "parkholidays_updated_at": "2022-12-13T12:56:30.579Z",
    "parkleisure_uid": "bltc61df11cef1002d2",
    "parkleisure_updated_at": "2022-12-13T12:56:31.577Z"
  },
  "55": {
    "id": "55",
    "from": "db.park_facilities",
    "title": "Superfast Internet in Accommodation*",
    "legacy_uid": "bltad72633be33d6ea8",
    "legacy_updated_at": "2022-10-04T15:19:54.964Z",
    "global_uid": "blt2b0bf83727a5ff80",
    "global_updated_at": "2022-12-13T12:54:05.915Z",
    "parkholidays_uid": "blt721f2efb485a7bab",
    "parkholidays_updated_at": "2022-12-13T12:54:07.187Z",
    "parkleisure_uid": "blt788ce53350b7bcac",
    "parkleisure_updated_at": "2022-12-13T12:54:08.181Z"
  },
  "56": {
    "id": "56",
    "from": "db.park_facilities",
    "title": "Sun Terrace",
    "legacy_uid": "blta5c3a32049c07ebd",
    "legacy_updated_at": "2022-10-04T15:19:53.497Z",
    "global_uid": "bltacb9a0e08ff5fac9",
    "global_updated_at": "2022-12-13T12:54:16.081Z",
    "parkholidays_uid": "bltf1d6fcb81b99a596",
    "parkholidays_updated_at": "2022-12-13T12:54:17.403Z",
    "parkleisure_uid": "blt2b2a1d5c0881b0ba",
    "parkleisure_updated_at": "2022-12-13T12:54:18.375Z"
  },
  "58": {
    "id": "58",
    "from": "db.park_facilities",
    "title": "Sky TV & BT Sport in clubhouse",
    "legacy_uid": "blt5c4be01422b27255",
    "legacy_updated_at": "2022-10-04T15:19:11.009Z",
    "global_uid": "blt925886e6715a1a86",
    "global_updated_at": "2022-12-13T12:59:03.625Z",
    "parkholidays_uid": "bltcc3b1152b367044a",
    "parkholidays_updated_at": "2022-12-13T12:59:04.999Z",
    "parkleisure_uid": "blt37feccd162c01032",
    "parkleisure_updated_at": "2022-12-13T12:59:06.044Z"
  },
  "59": {
    "id": "59",
    "from": "db.park_facilities",
    "title": "Sky TV in clubhouse",
    "legacy_uid": "blte2b67d63c2eb7d0c",
    "legacy_updated_at": "2022-10-04T15:19:15.388Z",
    "global_uid": "bltfdfe996e83f64407",
    "global_updated_at": "2022-12-13T12:58:33.022Z",
    "parkholidays_uid": "blt8c718b526d8fe9cb",
    "parkholidays_updated_at": "2022-12-13T12:58:34.423Z",
    "parkleisure_uid": "bltc4e82cf4a36dfcf8",
    "parkleisure_updated_at": "2022-12-13T12:58:35.399Z"
  },
  "60": {
    "id": "60",
    "from": "db.park_facilities",
    "title": "Children's Entertainment",
    "legacy_uid": "blt1d462ea8760054c8",
    "legacy_updated_at": "2022-10-04T15:19:05.176Z",
    "global_uid": "blt0832b80351426caf",
    "global_updated_at": "2022-12-13T12:59:44.727Z",
    "parkholidays_uid": "blt9b6be35661226705",
    "parkholidays_updated_at": "2022-12-13T12:59:46.037Z",
    "parkleisure_uid": "blt1b1672646be470fd",
    "parkleisure_updated_at": "2022-12-13T12:59:47.095Z"
  },
  "61": {
    "id": "61",
    "from": "db.park_facilities",
    "title": "Family Entertainment",
    "legacy_uid": "blt3422f1e569b846c1",
    "legacy_updated_at": "2022-10-04T15:19:08.082Z",
    "global_uid": "blt478ca0bd02000d29",
    "global_updated_at": "2022-12-13T12:59:24.220Z",
    "parkholidays_uid": "blt67279d036b6ce892",
    "parkholidays_updated_at": "2022-12-13T12:59:25.569Z",
    "parkleisure_uid": "bltf1089f2799e3d014",
    "parkleisure_updated_at": "2022-12-13T12:59:26.550Z"
  },
  "62": {
    "id": "62",
    "from": "db.park_facilities",
    "title": "Loopy & Friends on park",
    "legacy_uid": "bltff60f2f382705a1c",
    "legacy_updated_at": "2022-10-04T15:19:09.538Z",
    "global_uid": "blt881cb2126d0c6211",
    "global_updated_at": "2022-12-13T12:59:13.951Z",
    "parkholidays_uid": "blt89ae754c87803069",
    "parkholidays_updated_at": "2022-12-13T12:59:15.322Z",
    "parkleisure_uid": "bltaa4198551239890f",
    "parkleisure_updated_at": "2022-12-13T12:59:16.331Z"
  },
  "63": {
    "id": "63",
    "from": "db.park_facilities",
    "title": "Entertainment During School Summer Holidays*",
    "legacy_uid": "bltb5f08620ace2566d",
    "legacy_updated_at": "2022-10-04T15:19:33.028Z",
    "global_uid": "blt9396d540178584f3",
    "global_updated_at": "2022-12-13T12:56:39.533Z",
    "parkholidays_uid": "blt602c9ce5ce25e06b",
    "parkholidays_updated_at": "2022-12-13T12:56:40.857Z",
    "parkleisure_uid": "bltc323a59ec20963ed",
    "parkleisure_updated_at": "2022-12-13T12:56:41.865Z"
  },
  "64": {
    "id": "64",
    "from": "db.park_facilities",
    "title": "School Holiday Entertainment",
    "legacy_uid": "blt80b8fb5555b4fb3c",
    "legacy_updated_at": "2022-10-04T15:19:18.302Z",
    "global_uid": "blt9df40cba59f04f2c",
    "global_updated_at": "2022-12-13T12:58:12.463Z",
    "parkholidays_uid": "bltced192295f03d9fd",
    "parkholidays_updated_at": "2022-12-13T12:58:13.766Z",
    "parkleisure_uid": "blt8331e6a68d432f39",
    "parkleisure_updated_at": "2022-12-13T12:58:14.883Z"
  },
  "66": {
    "id": "66",
    "from": "db.park_facilities",
    "title": "Crafty Pottery *",
    "legacy_uid": "blt883b5539c095ff74",
    "legacy_updated_at": "2022-10-04T15:19:06.632Z",
    "global_uid": "bltb4fa13d4abe986c7",
    "global_updated_at": "2022-12-13T12:59:34.468Z",
    "parkholidays_uid": "blt75f43750ad695520",
    "parkholidays_updated_at": "2022-12-13T12:59:35.801Z",
    "parkleisure_uid": "blt30fe8b3d4bab100f",
    "parkleisure_updated_at": "2022-12-13T12:59:36.827Z"
  },
  "67": {
    "id": "67",
    "from": "db.park_facilities",
    "title": "Climbing Wall *",
    "legacy_uid": "blt23426cedfec1a146",
    "legacy_updated_at": "2022-10-04T15:19:31.557Z",
    "global_uid": "blt0f92ccc5c6cd98bf",
    "global_updated_at": "2022-12-13T12:56:49.850Z",
    "parkholidays_uid": "blt05c0bce58f8e0fc1",
    "parkholidays_updated_at": "2022-12-13T12:56:51.244Z",
    "parkleisure_uid": "blt05313e59bf872045",
    "parkleisure_updated_at": "2022-12-13T12:56:52.222Z"
  },
  "68": {
    "id": "68",
    "from": "db.park_facilities",
    "title": "Segway Hire *",
    "legacy_uid": "blt0683b8e4937ab24f",
    "legacy_updated_at": "2022-10-04T15:19:22.684Z",
    "global_uid": "blt4f69649355440361",
    "global_updated_at": "2022-12-13T12:57:51.867Z",
    "parkholidays_uid": "blt270f27f4e86bd160",
    "parkholidays_updated_at": "2022-12-13T12:57:53.234Z",
    "parkleisure_uid": "blt11215f7cb51f67e9",
    "parkleisure_updated_at": "2022-12-13T12:57:54.191Z"
  },
  "69": {
    "id": "69",
    "from": "db.park_facilities",
    "title": "Hover Archery*",
    "legacy_uid": "bltbde3124a73d985d1",
    "legacy_updated_at": "2022-10-04T15:19:28.577Z",
    "global_uid": "bltefbd172baf8522c0",
    "global_updated_at": "2022-12-13T12:57:10.457Z",
    "parkholidays_uid": "blt44908ddc0b8670a4",
    "parkholidays_updated_at": "2022-12-13T12:57:11.843Z",
    "parkleisure_uid": "bltf97f596a81a9b14c",
    "parkleisure_updated_at": "2022-12-13T12:57:12.872Z"
  },
  "72": {
    "id": "72",
    "from": "db.park_facilities",
    "title": "Escape Room *",
    "legacy_uid": "bltfcbe60072604e1ea",
    "legacy_updated_at": "2022-10-04T15:19:40.354Z",
    "global_uid": "bltc62c5c1c636f2d70",
    "global_updated_at": "2022-12-13T12:55:48.358Z",
    "parkholidays_uid": "blt32799e16e659c994",
    "parkholidays_updated_at": "2022-12-13T12:55:49.683Z",
    "parkleisure_uid": "bltc2c32d4f58384ccc",
    "parkleisure_updated_at": "2022-12-13T12:55:50.710Z"
  },
  "101": {
    "id": "101",
    "from": "db.park_facilities",
    "title": "Teddy Mountain*",
    "legacy_uid": "blt961b6e280a4b2d15",
    "legacy_updated_at": "2022-10-04T15:19:12.447Z",
    "global_uid": "blt35ca96acb5b6e4e1",
    "global_updated_at": "2022-12-13T12:58:53.460Z",
    "parkholidays_uid": "blt11b638163279af83",
    "parkholidays_updated_at": "2022-12-13T12:58:54.778Z",
    "parkleisure_uid": "blt99033849f2721aff",
    "parkleisure_updated_at": "2022-12-13T12:58:55.814Z"
  },
  "157": {
    "id": "157",
    "from": "db.park_facilities",
    "title": "Weekend Cabaret Acts",
    "legacy_uid": "blt4121b5a6ef17e90a",
    "legacy_updated_at": "2022-10-04T15:19:13.933Z",
    "global_uid": "bltb5b7a917a9c9c855",
    "global_updated_at": "2022-12-13T12:58:43.250Z",
    "parkholidays_uid": "blt4de6fcfd3fdaba24",
    "parkholidays_updated_at": "2022-12-13T12:58:44.545Z",
    "parkleisure_uid": "bltb64a177e4c6e1d03",
    "parkleisure_updated_at": "2022-12-13T12:58:45.550Z"
  },
  "159": {
    "id": "159",
    "from": "db.park_facilities",
    "title": "Bingo*",
    "legacy_uid": "blt9e8c7ee7551af7aa",
    "legacy_updated_at": "2022-10-04T15:19:03.694Z",
    "global_uid": "bltaf1b2afed80b2b8f",
    "global_updated_at": "2022-12-13T12:59:55.002Z",
    "parkholidays_uid": "bltad02cec28715fdd7",
    "parkholidays_updated_at": "2022-12-13T12:59:56.339Z",
    "parkleisure_uid": "bltd73595f852cb6ac8",
    "parkleisure_updated_at": "2022-12-13T12:59:57.362Z"
  },
  "161": {
    "id": "161",
    "from": "db.park_facilities",
    "title": "Dino Karts*",
    "legacy_uid": "blt539feaabef791750",
    "legacy_updated_at": "2022-10-04T15:19:27.115Z",
    "global_uid": "bltf978215681e5538b",
    "global_updated_at": "2022-12-13T12:57:20.872Z",
    "parkholidays_uid": "blt09b46783b4879572",
    "parkholidays_updated_at": "2022-12-13T12:57:22.229Z",
    "parkleisure_uid": "blt3cf23cc26dca0104",
    "parkleisure_updated_at": "2022-12-13T12:57:23.211Z"
  },
  "179": {
    "id": "179",
    "from": "db.park_facilities",
    "title": "Live stage Shows",
    "legacy_uid": "blt0b1e2369a3346113",
    "legacy_updated_at": "2022-11-04T09:40:11.321Z",
    "global_uid": "blt18c72a6ed75d4c5c",
    "global_updated_at": "2022-12-13T12:53:14.299Z",
    "parkholidays_uid": "blt4d09bbf16c009440",
    "parkholidays_updated_at": "2022-12-13T12:53:17.430Z"
  },
  "180": {
    "id": "180",
    "from": "db.park_facilities",
    "title": "Bike Hire",
    "legacy_uid": "blte27c8dd8cc81c83e",
    "legacy_updated_at": "2022-10-04T15:19:37.418Z",
    "global_uid": "blt40286c9b73c80ea1",
    "global_updated_at": "2022-12-13T12:56:08.825Z",
    "parkholidays_uid": "blt93cfbb9a119578d4",
    "parkholidays_updated_at": "2022-12-13T12:56:10.181Z",
    "parkleisure_uid": "blte8cac41b2858b275",
    "parkleisure_updated_at": "2022-12-13T12:56:11.355Z"
  },
  "181": {
    "id": "181",
    "from": "db.park_facilities",
    "title": "Bungee Trampoline",
    "legacy_uid": "blta67982490789b428",
    "legacy_updated_at": "2022-10-04T15:19:38.883Z",
    "global_uid": "blt16fe6d8fa3fcded9",
    "global_updated_at": "2022-12-13T12:55:58.673Z",
    "parkholidays_uid": "blt325f76c344799c90",
    "parkholidays_updated_at": "2022-12-13T12:56:00.087Z",
    "parkleisure_uid": "blte7df22ecb8e86809",
    "parkleisure_updated_at": "2022-12-13T12:56:01.024Z"
  },
  "182": {
    "id": "182",
    "from": "db.park_facilities",
    "title": "Archery",
    "legacy_uid": "blt4a1f869693bee13b",
    "legacy_updated_at": "2022-10-04T15:19:24.166Z",
    "global_uid": "blt4d7c3ffed21f4d02",
    "global_updated_at": "2022-12-13T12:57:41.565Z",
    "parkholidays_uid": "blte99c709c0834174b",
    "parkholidays_updated_at": "2022-12-13T12:57:43.032Z",
    "parkleisure_uid": "blt5b03bab5b0a27eff",
    "parkleisure_updated_at": "2022-12-13T12:57:43.973Z"
  },
  "185": {
    "id": "185",
    "from": "db.park_facilities",
    "title": "Sky TV & BT Sports in Bar and Restaurant",
    "legacy_uid": "blta2fe5364513b5591",
    "legacy_updated_at": "2022-10-04T15:19:19.770Z",
    "global_uid": "bltea2fc169f566f5e3",
    "global_updated_at": "2022-12-13T12:58:02.162Z",
    "parkholidays_uid": "blt17d304bd4164cff8",
    "parkholidays_updated_at": "2022-12-13T12:58:03.647Z",
    "parkleisure_uid": "blt07f83478cf6e0b51",
    "parkleisure_updated_at": "2022-12-13T12:58:04.768Z"
  },
  "187": {
    "id": "187",
    "from": "db.park_facilities",
    "title": "Quest App",
    "legacy_uid": "blt048600572d249e2a",
    "legacy_updated_at": "2022-10-04T15:19:30.117Z",
    "global_uid": "blt92415c2eb7b1c31b",
    "global_updated_at": "2022-12-13T12:57:00.227Z",
    "parkholidays_uid": "blt104b90c7b164b6ca",
    "parkholidays_updated_at": "2022-12-13T12:57:01.682Z",
    "parkleisure_uid": "bltd95c7a2b71aeab77",
    "parkleisure_updated_at": "2022-12-13T12:57:02.635Z"
  },
  "212": {
    "id": "212",
    "from": "db.park_facilities",
    "title": "Weekend Cabaret Act",
    "legacy_uid": "blt2122e701ebb11ba3",
    "legacy_updated_at": "2022-10-04T15:19:25.641Z",
    "global_uid": "blt1f45ef9754f4ff78",
    "global_updated_at": "2022-12-13T12:57:31.213Z",
    "parkholidays_uid": "blt8dca45c7cb9d92d2",
    "parkholidays_updated_at": "2022-12-13T12:57:32.682Z",
    "parkleisure_uid": "blte7b169bd523ee605",
    "parkleisure_updated_at": "2022-12-13T12:57:33.764Z"
  },
  "220": {
    "id": "220",
    "from": "db.park_facilities",
    "title": "FootGolf*",
    "legacy_uid": "blt13d36cba831313d0",
    "legacy_updated_at": "2022-10-04T15:19:56.418Z",
    "global_uid": "blte2e8595b2fc753f3",
    "global_updated_at": "2022-12-13T12:53:55.626Z",
    "parkholidays_uid": "blt52060daa45025603",
    "parkholidays_updated_at": "2022-12-13T12:53:56.997Z",
    "parkleisure_uid": "blte0535e9c02c95eca",
    "parkleisure_updated_at": "2022-12-13T12:53:58.047Z"
  },
  "221": {
    "id": "221",
    "from": "db.park_facilities",
    "title": "Wax Hands*",
    "legacy_uid": "blt5d73ffd889701470",
    "legacy_updated_at": "2022-10-04T15:19:59.491Z",
    "global_uid": "blt9c3c1f583ee04f1b",
    "global_updated_at": "2022-12-13T12:53:35.155Z",
    "parkholidays_uid": "blte72b4238bb9ff6ac",
    "parkholidays_updated_at": "2022-12-13T12:53:36.516Z",
    "parkleisure_uid": "blt805ba7b936c6035a",
    "parkleisure_updated_at": "2022-12-13T12:53:37.450Z"
  },
  "222": {
    "id": "222",
    "from": "db.park_facilities",
    "title": "Sand Art*",
    "legacy_uid": "blt0adfb0bd4fafd3dd",
    "legacy_updated_at": "2022-10-04T15:19:58.015Z",
    "global_uid": "bltfc8ae1c8f0a2f157",
    "global_updated_at": "2022-12-13T12:53:45.352Z",
    "parkholidays_uid": "blt6627510df07c59db",
    "parkholidays_updated_at": "2022-12-13T12:53:46.651Z",
    "parkleisure_uid": "bltf0b727c051e0dbf1",
    "parkleisure_updated_at": "2022-12-13T12:53:47.635Z"
  }
}