{
  "1": {
    "park_code": "CH",
    "from": "db.parks",
    "id": "1",
    "title": "Coghurst Hall",
    "legacy_uid": "blt9ff4a29e15153a2d",
    "legacy_updated_at": "2022-10-13T11:02:05.840Z",
    "global_uid": "blt2031a8406fac0d7f",
    "global_updated_at": "2022-12-14T10:51:29.212Z",
    "parkholidays_uid": "blt176943e84f128d19",
    "parkholidays_updated_at": "2022-12-14T10:51:30.796Z"
  },
  "2": {
    "park_code": "LS",
    "from": "db.parks",
    "id": "2",
    "title": "Chichester Lakeside",
    "legacy_uid": "blt6e9cdb37e6fb1011",
    "legacy_updated_at": "2022-11-29T12:05:02.828Z",
    "global_uid": "bltfd7badcada3c41a3",
    "global_updated_at": "2022-12-14T10:49:01.882Z",
    "parkholidays_uid": "blt8322738bf65bfa30",
    "parkholidays_updated_at": "2022-12-14T10:49:03.515Z"
  },
  "3": {
    "park_code": "GS",
    "from": "db.parks",
    "id": "3",
    "title": "Golden Sands",
    "legacy_uid": "blt8665cd1dfc554297",
    "legacy_updated_at": "2022-12-13T12:28:04.073Z",
    "global_uid": "blt2aa39268e843ef25",
    "global_updated_at": "2022-12-14T10:47:05.842Z",
    "parkholidays_uid": "blt89e2869e51dc8c7d",
    "parkholidays_updated_at": "2022-12-14T10:47:07.608Z"
  },
  "4": {
    "park_code": "AB",
    "from": "db.parks",
    "id": "4",
    "title": "Alberta",
    "legacy_uid": "bltcd0d31e5dacf6102",
    "legacy_updated_at": "2022-10-04T15:39:13.986Z",
    "global_uid": "blt4e4e300d90647341",
    "global_updated_at": "2022-12-14T10:54:59.289Z",
    "parkholidays_uid": "blt98178d5334f5db09",
    "parkholidays_updated_at": "2022-12-14T10:55:00.969Z"
  },
  "5": {
    "park_code": "BP",
    "from": "db.parks",
    "id": "5",
    "title": "Beauport",
    "legacy_uid": "blta499b49992b0c0dd",
    "legacy_updated_at": "2022-10-04T15:39:15.884Z",
    "global_uid": "blt742f7256ec4e558f",
    "global_updated_at": "2022-12-14T10:54:48.821Z",
    "parkholidays_uid": "blt7d96a0f1b61d5715",
    "parkholidays_updated_at": "2022-12-14T10:54:50.291Z"
  },
  "6": {
    "park_code": "DL",
    "from": "db.parks",
    "id": "6",
    "title": "Dawlish Sands",
    "legacy_uid": "bltef4e1365381ba533",
    "legacy_updated_at": "2022-10-04T15:39:17.796Z",
    "global_uid": "bltefea58451ddd13f1",
    "global_updated_at": "2022-12-14T10:54:38.391Z",
    "parkholidays_uid": "blt244156930cd4d945",
    "parkholidays_updated_at": "2022-12-14T10:54:40.007Z"
  },
  "7": {
    "park_code": "RH",
    "from": "db.parks",
    "id": "7",
    "title": "Rye Harbour",
    "legacy_uid": "bltf26a8f23833a6241",
    "legacy_updated_at": "2022-10-13T11:00:14.443Z",
    "global_uid": "blt72b2db382d649967",
    "global_updated_at": "2022-12-14T10:51:50.270Z",
    "parkleisure_uid": "blt2a4b9117c1976e50",
    "parkleisure_updated_at": "2022-12-12T10:51:50.270Z"
  },
  "8": {
    "park_code": "FS",
    "from": "db.parks",
    "id": "8",
    "title": "Felixstowe Beach",
    "legacy_uid": "bltbdf95b6eb9ad4b69",
    "legacy_updated_at": "2022-10-28T07:59:06.484Z",
    "global_uid": "blt91789f378a123f3b",
    "global_updated_at": "2022-12-14T10:50:57.670Z",
    "parkholidays_uid": "bltda13a41628ff54b2",
    "parkholidays_updated_at": "2022-12-14T10:50:59.264Z"
  },
  "9": {
    "park_code": "HT",
    "from": "db.parks",
    "id": "9",
    "title": "Harts",
    "legacy_uid": "blte6ce00eda7b0471a",
    "legacy_updated_at": "2022-10-13T10:34:37.604Z",
    "global_uid": "blt590571f8df969a57",
    "global_updated_at": "2022-12-14T10:52:53.344Z",
    "parkholidays_uid": "bltcf629bfff281a6fd",
    "parkholidays_updated_at": "2022-12-14T10:52:55.190Z"
  },
  "10": {
    "park_code": "LC",
    "from": "db.parks",
    "id": "10",
    "title": "Landscove",
    "legacy_uid": "blt7975131300366485",
    "legacy_updated_at": "2022-10-04T15:39:25.486Z",
    "global_uid": "blta3015f267032d640",
    "global_updated_at": "2022-12-14T10:54:27.873Z",
    "parkholidays_uid": "blt8077cfb807004f54",
    "parkholidays_updated_at": "2022-12-14T10:54:29.495Z"
  },
  "11": {
    "park_code": "MF",
    "from": "db.parks",
    "id": "11",
    "title": "Marlie",
    "legacy_uid": "bltb426c8a05e9f667e",
    "legacy_updated_at": "2022-10-13T10:35:32.989Z",
    "global_uid": "blt51657300a97834c2",
    "global_updated_at": "2022-12-14T10:52:42.833Z",
    "parkholidays_uid": "blt5651646ed7cd5c20",
    "parkholidays_updated_at": "2022-12-14T10:52:44.528Z"
  },
  "12": {
    "park_code": "NB",
    "from": "db.parks",
    "id": "12",
    "title": "New Beach",
    "legacy_uid": "blt3194a358ed60f8f2",
    "legacy_updated_at": "2022-10-04T15:39:29.481Z",
    "global_uid": "blt11fa5cdd0327604b",
    "global_updated_at": "2022-12-14T10:54:17.363Z",
    "parkholidays_uid": "blt8f8025e8d7140730",
    "parkholidays_updated_at": "2022-12-14T10:54:17.363Z"
  },
  "13": {
    "park_code": "OK",
    "from": "db.parks",
    "id": "13",
    "title": "Oaklands",
    "legacy_uid": "blt3f7de7316333a3d6",
    "legacy_updated_at": "2022-10-04T15:39:31.381Z",
    "global_uid": "blt0e7b9c50e6059872",
    "global_updated_at": "2022-12-14T10:54:06.824Z",
    "parkholidays_uid": "blt82b4d34b1ba38fe5",
    "parkholidays_updated_at": "2022-12-14T10:54:08.426Z"
  },
  "15": {
    "park_code": "RB",
    "from": "db.parks",
    "id": "15",
    "title": "Riviera Bay",
    "legacy_uid": "blt0917ebfa5088a9ed",
    "legacy_updated_at": "2022-10-13T10:30:20.113Z",
    "global_uid": "bltd69d8676916880b6",
    "global_updated_at": "2022-12-14T10:53:14.333Z",
    "parkholidays_uid": "bltbd11b5c038fb3360",
    "parkholidays_updated_at": "2022-12-14T10:53:15.927Z"
  },
  "16": {
    "park_code": "SF",
    "from": "db.parks",
    "id": "16",
    "title": "Suffolk Sands",
    "legacy_uid": "blt43283a33213b8e21",
    "legacy_updated_at": "2022-10-13T10:57:24.448Z",
    "global_uid": "blte136cc39742b038e",
    "global_updated_at": "2022-12-14T10:52:00.847Z",
    "parkholidays_uid": "blt0d699acf0fe8640e",
    "parkholidays_updated_at": "2022-12-14T10:52:02.358Z"
  },
  "17": {
    "park_code": "SH",
    "from": "db.parks",
    "id": "17",
    "title": "Sandhills",
    "legacy_uid": "blt84ce8c75313d88ec",
    "legacy_updated_at": "2022-10-04T15:39:37.039Z",
    "global_uid": "blt1ff51bab34cb92dc",
    "global_updated_at": "2022-12-14T10:53:56.349Z",
    "parkleisure_uid": "blta721fd4ac7e9856d",
    "parkleisure_updated_at": "2022-12-12T10:53:57.980Z"
  },
  "18": {
    "park_code": "SL",
    "from": "db.parks",
    "id": "18",
    "title": "Solent Breezes",
    "legacy_uid": "blt02b0408df38d25d9",
    "legacy_updated_at": "2022-10-04T15:39:38.890Z",
    "global_uid": "blta98a1cb9d35e46e3",
    "global_updated_at": "2022-12-14T10:53:45.877Z",
    "parkholidays_uid": "bltdb1089672299fc6d",
    "parkholidays_updated_at": "2022-12-14T10:53:47.586Z"
  },
  "20": {
    "park_code": "SO",
    "from": "db.parks",
    "id": "20",
    "title": "St Osyth Beach",
    "legacy_uid": "blt1c59caa8d07fd934",
    "legacy_updated_at": "2022-11-25T17:59:07.561Z",
    "global_uid": "blt6eb50c41f7cfbc99",
    "global_updated_at": "2022-12-14T10:49:43.844Z",
    "parkholidays_uid": "blt66e7c3b76d884642",
    "parkholidays_updated_at": "2022-12-14T10:49:45.424Z"
  },
  "21": {
    "park_code": "SP",
    "from": "db.parks",
    "id": "21",
    "title": "Steeple Bay",
    "legacy_uid": "blt7a8ee631fb04704e",
    "legacy_updated_at": "2022-10-13T10:32:16.483Z",
    "global_uid": "blt1204c1e8d3a7cbc8",
    "global_updated_at": "2022-12-14T10:53:03.816Z",
    "parkholidays_uid": "blt04998ecad78592f6",
    "parkholidays_updated_at": "2022-12-14T10:53:05.517Z"
  },
  "22": {
    "park_code": "SV",
    "from": "db.parks",
    "id": "22",
    "title": "Seaview",
    "legacy_uid": "blt5e5eeca71c251a93",
    "legacy_updated_at": "2022-11-21T14:39:06.612Z",
    "global_uid": "bltad376c0f51e190bd",
    "global_updated_at": "2022-12-14T10:50:04.920Z",
    "parkholidays_uid": "blt75e1a6754daf3a5c",
    "parkholidays_updated_at": "2022-12-14T10:50:06.569Z"
  },
  "23": {
    "park_code": "SW",
    "from": "db.parks",
    "id": "23",
    "title": "Seawick",
    "legacy_uid": "blt52e68df7654a01cf",
    "legacy_updated_at": "2022-10-04T15:39:46.721Z",
    "global_uid": "blt0249ac5fd6dd499d",
    "global_updated_at": "2022-12-14T10:53:35.344Z",
    "parkholidays_uid": "bltd7a4b6f731c511bd",
    "parkholidays_updated_at": "2022-12-14T10:53:37.197Z"
  },
  "24": {
    "park_code": "WC",
    "from": "db.parks",
    "id": "24",
    "title": "Winchelsea Sands",
    "legacy_uid": "blt4a0cb3c8dc112110",
    "legacy_updated_at": "2022-10-13T11:01:01.639Z",
    "global_uid": "blteddf8334a4d5eeb5",
    "global_updated_at": "2022-12-14T10:51:39.711Z",
    "parkholidays_uid": "blta26a48145fee039d",
    "parkholidays_updated_at": "2022-12-14T10:51:41.383Z"
  },
  "25": {
    "park_code": "WS",
    "from": "db.parks",
    "id": "25",
    "title": "Waterside",
    "legacy_uid": "bltab31a4100c5eca2f",
    "legacy_updated_at": "2022-12-13T12:22:02.152Z",
    "global_uid": "bltd5ccba5a733eb8c9",
    "global_updated_at": "2022-12-14T10:47:16.454Z",
    "parkholidays_uid": "blt358ebe03e86506af",
    "parkholidays_updated_at": "2022-12-14T10:47:18.123Z"
  },
  "27": {
    "park_code": "BS",
    "from": "db.parks",
    "id": "27",
    "title": "Broadland Sands",
    "legacy_uid": "blt75a6496240b7c6fe",
    "legacy_updated_at": "2022-10-13T10:53:14.514Z",
    "global_uid": "blt90b9b87c3c92914b",
    "global_updated_at": "2022-12-14T10:52:32.327Z",
    "parkholidays_uid": "blt33d475b4da80a947",
    "parkholidays_updated_at": "2022-12-14T10:52:34.105Z"
  },
  "28": {
    "park_code": "BV",
    "from": "db.parks",
    "id": "28",
    "title": "Birchington Vale",
    "legacy_uid": "blt5124a3a746ab2db8",
    "legacy_updated_at": "2022-12-02T15:59:06.815Z",
    "global_uid": "blt322e6d3e816f297f",
    "global_updated_at": "2022-12-14T10:48:51.366Z",
    "parkholidays_uid": "blt266f26d5acf48dcd",
    "parkholidays_updated_at": "2022-12-14T10:48:52.951Z"
  },
  "29": {
    "park_code": "TK",
    "from": "db.parks",
    "id": "29",
    "title": "Tarka",
    "legacy_uid": "blt01facf8fa763323e",
    "legacy_updated_at": "2022-12-12T18:19:06.489Z",
    "global_uid": "bltea6e250c660322da",
    "global_updated_at": "2022-12-14T10:47:37.630Z",
    "parkholidays_uid": "blt9a69a829d0169463",
    "parkholidays_updated_at": "2022-12-14T10:47:39.490Z"
  },
  "30": {
    "park_code": "CM",
    "from": "db.parks",
    "id": "30",
    "title": "Carlton Meres",
    "legacy_uid": "blt1843136c38895e66",
    "legacy_updated_at": "2022-10-13T10:54:04.145Z",
    "global_uid": "bltfee0d967f3b4c7db",
    "global_updated_at": "2022-12-14T10:52:21.788Z",
    "parkholidays_uid": "bltf00f8bf06151a1b6",
    "parkholidays_updated_at": "2022-12-14T10:52:23.528Z"
  },
  "31": {
    "park_code": "PB",
    "from": "db.parks",
    "id": "31",
    "title": "Pevensey Bay",
    "legacy_uid": "blt3d35f99c80bb3aef",
    "legacy_updated_at": "2022-11-01T20:19:06.581Z",
    "global_uid": "blte7f2a075d7a03181",
    "global_updated_at": "2022-12-14T10:50:47.212Z",
    "parkholidays_uid": "bltd930dbb632e936e7",
    "parkholidays_updated_at": "2022-12-14T10:50:48.789Z"
  },
  "32": {
    "park_code": "MB",
    "from": "db.parks",
    "id": "32",
    "title": "Martello Beach",
    "legacy_uid": "bltcc65554a13d65f24",
    "legacy_updated_at": "2022-12-07T10:32:00.100Z",
    "global_uid": "bltf09dbfb1b6b607a0",
    "global_updated_at": "2022-12-14T10:48:40.841Z",
    "parkholidays_uid": "blt6ac3ae3cc8f73a45",
    "parkholidays_updated_at": "2022-12-14T10:48:42.402Z"
  },
  "33": {
    "park_code": "DC",
    "from": "db.parks",
    "id": "33",
    "title": "Dovercourt",
    "legacy_uid": "blteb588785fbc9963d",
    "legacy_updated_at": "2022-11-28T12:59:09.029Z",
    "global_uid": "blt57a5b7cebe0c8f92",
    "global_updated_at": "2022-12-14T10:49:33.320Z",
    "parkholidays_uid": "bltb12cc133835c7d49",
    "parkholidays_updated_at": "2022-12-14T10:49:35.043Z"
  },
  "34": {
    "park_code": "WM",
    "from": "db.parks",
    "id": "34",
    "title": "West Mersea",
    "legacy_uid": "blt464eabc53119e9eb",
    "legacy_updated_at": "2022-11-28T12:59:11.112Z",
    "global_uid": "blt6d6bcc29a25c770d",
    "global_updated_at": "2022-12-14T10:49:22.961Z",
    "parkleisure_uid": "blt1fa0de404e460878",
    "parkleisure_updated_at": "2022-12-12T10:49:24.680Z"
  },
  "35": {
    "park_code": "PF",
    "from": "db.parks",
    "id": "35",
    "title": "Pakefield",
    "legacy_uid": "blt81f7f184c3abe831",
    "legacy_updated_at": "2022-10-13T10:56:11.885Z",
    "global_uid": "blt086a4750a932b319",
    "global_updated_at": "2022-12-14T10:52:11.308Z",
    "parkholidays_uid": "bltd5456c3e4e29eee5",
    "parkholidays_updated_at": "2022-12-14T10:52:13.440Z"
  },
  "36": {
    "park_code": "WF",
    "from": "db.parks",
    "id": "36",
    "title": "Wood Farm",
    "legacy_uid": "bltf2b6d65b521eb72f",
    "legacy_updated_at": "2022-11-28T12:59:13.112Z",
    "global_uid": "bltb330d093e47f6927",
    "global_updated_at": "2022-12-14T10:49:12.434Z",
    "parkleisure_uid": "bltac4d15f22c187395",
    "parkleisure_updated_at": "2022-12-12T10:49:14.343Z"
  },
  "37": {
    "park_code": "SS",
    "from": "db.parks",
    "id": "37",
    "title": "Silver Sands",
    "legacy_uid": "blt912fbd8df28546cc",
    "legacy_updated_at": "2022-12-09T00:59:06.945Z",
    "global_uid": "blte22ced60331aaae3",
    "global_updated_at": "2022-12-14T10:48:30.291Z",
    "parkholidays_uid": "blt1d88367d7d28b935",
    "parkholidays_updated_at": "2022-12-14T10:48:31.980Z"
  },
  "38": {
    "park_code": "TB",
    "from": "db.parks",
    "id": "38",
    "title": "Turnberry",
    "legacy_uid": "blt481ef35fe3527df1",
    "legacy_updated_at": "2022-10-18T13:34:52.116Z",
    "global_uid": "blt342654f968e2d42d",
    "global_updated_at": "2022-12-14T10:51:18.755Z",
    "parkholidays_uid": "blt5fce0a09e6741f9e",
    "parkholidays_updated_at": "2022-12-14T10:51:20.278Z"
  },
  "39": {
    "park_code": "SM",
    "from": "db.parks",
    "id": "39",
    "title": "Sand le Mere",
    "legacy_uid": "blt93afc32767c3c3bb",
    "legacy_updated_at": "2022-10-21T14:19:06.752Z",
    "global_uid": "blt4047f31d98fd16a6",
    "global_updated_at": "2022-12-14T10:51:08.225Z",
    "parkholidays_uid": "blta3b8dac1a9500709",
    "parkholidays_updated_at": "2022-12-14T10:51:09.846Z"
  },
  "40": {
    "park_code": "AH",
    "from": "db.parks",
    "id": "40",
    "title": "Ashbourne Heights",
    "legacy_uid": "blt3c08f86290ed6c4f",
    "legacy_updated_at": "2022-11-02T17:46:32.365Z",
    "global_uid": "blt58f8172ab4d7d51b",
    "global_updated_at": "2022-12-14T10:50:26.103Z",
    "parkholidays_uid": "blt9545f6169926bebf",
    "parkholidays_updated_at": "2022-12-14T10:50:27.997Z"
  },
  "41": {
    "park_code": "BF",
    "from": "db.parks",
    "id": "41",
    "title": "Bowland Fell",
    "legacy_uid": "blt0fa567ba8924c401",
    "legacy_updated_at": "2022-12-12T17:15:43.155Z",
    "global_uid": "blt250ab919b4b81def",
    "global_updated_at": "2022-12-14T10:47:48.221Z",
    "parkholidays_uid": "bltb00a70542abfbdfe",
    "parkholidays_updated_at": "2022-12-14T10:47:49.999Z"
  },
  "42": {
    "park_code": "HM",
    "from": "db.parks",
    "id": "42",
    "title": "Hengar Manor",
    "legacy_uid": "bltd700b17134ebbf06",
    "legacy_updated_at": "2022-12-13T12:12:40.311Z",
    "global_uid": "blt9d9e6e05fd39174f",
    "global_updated_at": "2022-12-14T10:47:27.015Z",
    "parkholidays_uid": "blt465a25bb90635584",
    "parkholidays_updated_at": "2022-12-14T10:47:28.622Z"
  },
  "43": {
    "park_code": "HW",
    "from": "db.parks",
    "id": "43",
    "title": "Hedley Wood",
    "legacy_uid": "blt82c490c47edee1bd",
    "legacy_updated_at": "2022-12-13T12:46:11.708Z",
    "global_uid": "bltc6ddc232d240da4c",
    "global_updated_at": "2022-12-14T10:46:55.323Z",
    "parkholidays_uid": "blt26f43bc419ec5ec0",
    "parkholidays_updated_at": "2022-12-14T10:46:57.506Z"
  },
  "44": {
    "park_code": "TV",
    "from": "db.parks",
    "id": "44",
    "title": "Trevella",
    "legacy_uid": "blt1e126462cc40c2ff",
    "legacy_updated_at": "2022-10-04T15:40:25.620Z",
    "global_uid": "blt6d7ea4b890749cf8",
    "global_updated_at": "2022-12-14T10:53:24.895Z",
    "parkholidays_uid": "blt2814b6385deeff9a",
    "parkholidays_updated_at": "2022-12-14T10:53:26.562Z"
  },
  "45": {
    "park_code": "PL",
    "from": "db.parks",
    "id": "45",
    "title": "Polperro",
    "legacy_uid": "blta312a0bd3a70d547",
    "legacy_updated_at": "2022-11-01T20:59:06.493Z",
    "global_uid": "blt06515556e49d7945",
    "global_updated_at": "2022-12-14T10:50:36.645Z",
    "parkholidays_uid": "blt63f019c8764709af",
    "parkholidays_updated_at": "2022-12-14T10:50:38.350Z"
  },
  "47": {
    "park_code": "BM",
    "from": "db.parks",
    "id": "47",
    "title": "Bodmin",
    "legacy_uid": "blt2b06ae7ba70e7a75",
    "legacy_updated_at": "2022-08-16T11:35:29.237Z"
  },
  "48": {
    "park_code": "LM",
    "from": "db.parks",
    "id": "48",
    "title": "Lossiemouth",
    "legacy_uid": "blt3dacd2620c9098e4",
    "legacy_updated_at": "2022-12-09T00:59:09.419Z",
    "global_uid": "blt0a1ba8fad5187f6b",
    "global_updated_at": "2022-12-14T10:48:19.846Z",
    "parkholidays_uid": "bltfb720e826b2e25fd",
    "parkholidays_updated_at": "2022-12-14T10:48:21.407Z"
  },
  "49": {
    "park_code": "BH",
    "from": "db.parks",
    "id": "49",
    "title": "Burghead",
    "legacy_uid": "blt6aea2bd554bcef47",
    "legacy_updated_at": "2022-12-09T00:59:11.157Z",
    "global_uid": "blt4170f9dcf4122219",
    "global_updated_at": "2022-12-14T10:48:09.316Z",
    "parkholidays_uid": "blt4d23f0e08bdaf8e5",
    "parkholidays_updated_at": "2022-12-14T10:48:11.007Z"
  },
  "50": {
    "park_code": "",
    "from": "contentstack",
    "id": "50",
    "title": "The Bay at Pevensey",
    "legacy_uid": "bltf15b6dae72bd89b4",
    "legacy_updated_at": "2022-11-08T13:36:59.644Z",
    "global_uid": "bltff3b9131a279f407",
    "global_updated_at": "2022-12-14T10:50:15.520Z",
    "parkholidays_uid": "blt971e80249235631e",
    "parkholidays_updated_at": "2022-12-14T10:50:17.320Z"
  },
  "51": {
    "park_code": "OB",
    "from": "db.parks",
    "id": "51",
    "title": "Oyster Bay",
    "legacy_uid": "bltbbb91cadfe434871",
    "legacy_updated_at": "2022-10-04T15:40:33.492Z",
    "global_uid": "blta027f11760cbe906",
    "global_updated_at": "2022-12-14T10:57:02.613Z",
    "parkleisure_uid": "blte646f73c887257d7",
    "parkleisure_updated_at": "2022-12-14T10:57:05.130Z"
  },
  "52": {
    "park_code": "PS",
    "from": "db.parks",
    "id": "52",
    "title": "Par Sands",
    "legacy_uid": "blt8729bb9060158b9a",
    "legacy_updated_at": "2022-10-05T13:05:54.509Z",
    "global_uid": "blt5f931e1b4871db91",
    "global_updated_at": "2022-12-14T10:55:49.302Z",
    "parkleisure_uid": "blt31255ad0edb859f7",
    "parkleisure_updated_at": "2022-12-14T10:55:51.799Z"
  },
  "53": {
    "park_code": "PT",
    "from": "db.parks",
    "id": "53",
    "title": "Pentire",
    "legacy_uid": "bltaad89a9f654fab35",
    "legacy_updated_at": "2022-10-06T14:56:05.284Z",
    "global_uid": "blteb4aec27e7d7a5c5",
    "global_updated_at": "2022-12-14T10:55:28.236Z",
    "parkleisure_uid": "blte96cb7fb0909268e",
    "parkleisure_updated_at": "2022-12-14T10:55:30.953Z"
  },
  "54": {
    "park_code": "MV",
    "from": "db.parks",
    "id": "54",
    "title": "Malvern View",
    "legacy_uid": "blt0734dcac1db02091",
    "legacy_updated_at": "2022-10-06T15:00:31.880Z",
    "global_uid": "blt3d0015e24a187585",
    "global_updated_at": "2022-12-14T10:55:17.821Z",
    "parkleisure_uid": "blt74a622f259405e81",
    "parkleisure_updated_at": "2022-12-14T10:55:20.612Z"
  },
  "55": {
    "park_code": "RV",
    "from": "db.parks",
    "id": "55",
    "title": "Ribble Valley",
    "legacy_uid": "bltfe34c276b79f4a3b",
    "legacy_updated_at": "2022-10-04T15:40:40.460Z",
    "global_uid": "blt9ba80fae6a0e65d1",
    "global_updated_at": "2022-12-14T10:56:52.133Z",
    "parkleisure_uid": "bltba2eb6dac439ec6f",
    "parkleisure_updated_at": "2022-12-14T10:56:54.818Z"
  },
  "56": {
    "park_code": "BT",
    "from": "db.parks",
    "id": "56",
    "title": "Brynteg",
    "legacy_uid": "blt2214b80873d1ab58",
    "legacy_updated_at": "2022-10-05T13:04:51.806Z",
    "global_uid": "blt02a2ac71540a8c1b",
    "global_updated_at": "2022-12-14T10:55:59.771Z",
    "parkleisure_uid": "blta0c3067ec0164064",
    "parkleisure_updated_at": "2022-12-14T10:56:02.366Z"
  },
  "57": {
    "park_code": "PC",
    "from": "db.parks",
    "id": "57",
    "title": "Plas Coch",
    "legacy_uid": "blt92b352a76e1deb26",
    "legacy_updated_at": "2022-10-04T15:40:43.887Z",
    "global_uid": "blt0325c6ebdf66ba79",
    "global_updated_at": "2022-12-14T10:56:41.685Z",
    "parkleisure_uid": "blt2a34342141f27d74",
    "parkleisure_updated_at": "2022-12-14T10:56:44.091Z"
  },
  "58": {
    "park_code": "AL",
    "from": "db.parks",
    "id": "58",
    "title": "Amble Links",
    "legacy_uid": "blte8f7de11a3c5212f",
    "legacy_updated_at": "2022-10-04T15:40:45.561Z",
    "global_uid": "blte68c56585ee69a21",
    "global_updated_at": "2022-12-14T10:56:31.163Z",
    "parkholidays_uid": "blt3fd08c15bebd60bc",
    "parkholidays_updated_at": "2022-12-14T10:56:33.830Z"
  },
  "59": {
    "park_code": "CY",
    "from": "db.parks",
    "id": "59",
    "title": "Chantry",
    "legacy_uid": "blt7223d4a3aff2c37e",
    "legacy_updated_at": "2022-10-04T15:40:47.265Z",
    "global_uid": "bltfa6ebc897c5b0c6c",
    "global_updated_at": "2022-12-14T10:56:20.685Z",
    "parkleisure_uid": "blt185531672cf01cc7",
    "parkleisure_updated_at": "2022-12-14T10:56:23.182Z"
  },
  "60": {
    "park_code": "LD",
    "from": "db.parks",
    "id": "60",
    "title": "Littondale",
    "legacy_uid": "blt3aee70d4210dddad",
    "legacy_updated_at": "2022-10-05T13:11:28.349Z",
    "global_uid": "bltb3a20ada228e16a9",
    "global_updated_at": "2022-12-14T10:55:38.804Z",
    "parkleisure_uid": "blt698c100e5382c9c8",
    "parkleisure_updated_at": "2022-12-14T10:55:41.614Z"
  },
  "61": {
    "park_code": "YD",
    "from": "db.parks",
    "id": "61",
    "title": "Yorkshire Dales",
    "legacy_uid": "bltd1a2b77d711153f2",
    "legacy_updated_at": "2022-10-04T15:40:50.708Z",
    "global_uid": "bltfc887a3ac8c09557",
    "global_updated_at": "2022-12-14T10:56:10.269Z",
    "parkleisure_uid": "blt3f233106adeb001c",
    "parkleisure_updated_at": "2022-12-14T10:56:12.669Z"
  },
  "62": {
    "park_code": "GD",
    "from": "db.parks",
    "id": "62",
    "title": "Glendale",
    "legacy_uid": "blt10f5cba4dfb3d00f",
    "legacy_updated_at": "2022-11-25T13:04:05.750Z",
    "global_uid": "blt1f7f219861edd3ea",
    "global_updated_at": "2022-12-14T10:49:54.390Z",
    "parkholidays_uid": "blt620ec5ffb3b6e5aa",
    "parkholidays_updated_at": "2022-12-14T10:49:56.246Z"
  },
  "63": {
    "park_code": "NH",
    "from": "db.parks",
    "id": "63",
    "title": "Newhaven",
    "legacy_uid": "blt60aa17047afca7e5",
    "legacy_updated_at": "2022-12-09T18:09:11.406Z",
    "global_uid": "blt64ecc31e6f2e8469",
    "global_updated_at": "2022-12-14T10:47:58.779Z",
    "parkholidays_uid": "blt6fd5e61e9400e897",
    "parkholidays_updated_at": "2022-12-14T10:48:00.471Z"
  }
}