{
  "31": {
    "id": "31",
    "from": "db.park_facilities",
    "title": "Dog Walking Area",
    "legacy_uid": "blt967ccede1b9fa65d",
    "legacy_updated_at": "2022-10-04T15:20:02.006Z",
    "global_uid": "blt561c79ab24a7ab81",
    "global_updated_at": "2022-12-13T13:27:15.049Z",
    "parkholidays_uid": "blt19f0a28ea215f8cd",
    "parkholidays_updated_at": "2022-12-13T13:27:16.387Z",
    "parkleisure_uid": "blt4da20c5cfc0bce3c",
    "parkleisure_updated_at": "2022-12-13T13:27:17.392Z"
  },
  "34": {
    "id": "34",
    "from": "db.park_facilities",
    "title": "Award Winning Beach",
    "legacy_uid": "blt96f54a277609f17b",
    "legacy_updated_at": "2022-10-04T15:39:02.587Z",
    "global_uid": "blt18736ea4cc42a9c3",
    "global_updated_at": "2022-12-13T13:11:19.998Z",
    "parkholidays_uid": "blt1252e64c5d4ec710",
    "parkholidays_updated_at": "2022-12-13T13:11:21.298Z",
    "parkleisure_uid": "blt3aab58e265874db3",
    "parkleisure_updated_at": "2022-12-13T13:11:22.346Z"
  },
  "41": {
    "id": "41",
    "from": "db.park_facilities",
    "title": "Neighbouring Park Use",
    "legacy_uid": "blt063cf754dd3ab879",
    "legacy_updated_at": "2022-10-04T15:21:54.217Z",
    "global_uid": "blt5fb55f8463b55628",
    "global_updated_at": "2022-12-13T13:14:25.004Z",
    "parkholidays_uid": "blt7716a32072553dbe",
    "parkholidays_updated_at": "2022-12-13T13:14:26.501Z",
    "parkleisure_uid": "blt0fe434af6247916b",
    "parkleisure_updated_at": "2022-12-13T13:14:27.420Z"
  },
  "76": {
    "id": "76",
    "from": "db.park_facilities",
    "title": "Public Parks and Playgrounds",
    "legacy_uid": "blt6517f763de6e5b67",
    "legacy_updated_at": "2022-10-04T15:20:54.720Z",
    "global_uid": "bltc2743508cc2b8702",
    "global_updated_at": "2022-12-13T13:21:15.673Z",
    "parkholidays_uid": "blte6ba0df8348a3612",
    "parkholidays_updated_at": "2022-12-13T13:21:17.025Z",
    "parkleisure_uid": "blt3ae9e3fbec742860",
    "parkleisure_updated_at": "2022-12-13T13:21:18.088Z"
  },
  "77": {
    "id": "77",
    "from": "db.park_facilities",
    "title": "Award Winning Blue Flag Beach",
    "legacy_uid": "blt919510daf4f48e49",
    "legacy_updated_at": "2022-10-04T15:21:00.718Z",
    "global_uid": "bltff5446a603cdc450",
    "global_updated_at": "2022-12-13T13:20:34.518Z",
    "parkholidays_uid": "bltc3abf5b9e2d08a29",
    "parkholidays_updated_at": "2022-12-13T13:20:35.796Z",
    "parkleisure_uid": "blt7e7110a683d5538b",
    "parkleisure_updated_at": "2022-12-13T13:20:36.809Z"
  },
  "78": {
    "id": "78",
    "from": "db.park_facilities",
    "title": "Maritime Trail",
    "legacy_uid": "blt046e7329a4318e6b",
    "legacy_updated_at": "2022-10-04T15:20:22.462Z",
    "global_uid": "bltb3b8e5a35865bcaa",
    "global_updated_at": "2022-12-13T13:25:01.359Z",
    "parkholidays_uid": "blt56dea43d02f886d2",
    "parkholidays_updated_at": "2022-12-13T13:25:02.841Z",
    "parkleisure_uid": "blt56cf94637dbe4777",
    "parkleisure_updated_at": "2022-12-13T13:25:03.803Z"
  },
  "79": {
    "id": "79",
    "from": "db.park_facilities",
    "title": "Town Centre",
    "legacy_uid": "blt93d179d4e724189c",
    "legacy_updated_at": "2022-10-04T15:21:09.523Z",
    "global_uid": "blt26d59c60fa78c190",
    "global_updated_at": "2022-12-13T13:19:33.344Z",
    "parkholidays_uid": "bltcc519c93b4053efd",
    "parkholidays_updated_at": "2022-12-13T13:19:34.642Z",
    "parkleisure_uid": "blt7eab555d8a4ae771",
    "parkleisure_updated_at": "2022-12-13T13:19:35.648Z"
  },
  "80": {
    "id": "80",
    "from": "db.park_facilities",
    "title": "Nature Reserve",
    "legacy_uid": "blt33323fa10bfb17e7",
    "legacy_updated_at": "2022-10-04T15:20:25.408Z",
    "global_uid": "blt99da981eaf117dac",
    "global_updated_at": "2022-12-13T13:24:40.848Z",
    "parkholidays_uid": "blt8cfffaa0abc53ef7",
    "parkholidays_updated_at": "2022-12-13T13:24:42.302Z",
    "parkleisure_uid": "blt7baedb971cb7a570",
    "parkleisure_updated_at": "2022-12-13T13:24:43.187Z"
  },
  "83": {
    "id": "83",
    "from": "db.park_facilities",
    "title": "Skate park",
    "legacy_uid": "blt9479f401de58c042",
    "legacy_updated_at": "2022-10-04T15:20:32.770Z",
    "global_uid": "blt040a4122d315b286",
    "global_updated_at": "2022-12-13T13:23:49.626Z",
    "parkholidays_uid": "blt3e64ceabb1dc79c8",
    "parkholidays_updated_at": "2022-12-13T13:23:50.989Z",
    "parkleisure_uid": "blt6caff33c845a9d5e",
    "parkleisure_updated_at": "2022-12-13T13:23:51.945Z"
  },
  "84": {
    "id": "84",
    "from": "db.park_facilities",
    "title": "Lighthouse",
    "legacy_uid": "bltac04b4e811e0cc49",
    "legacy_updated_at": "2022-10-04T15:20:20.992Z",
    "global_uid": "blt517e5b5af55f26f6",
    "global_updated_at": "2022-12-13T13:25:11.707Z",
    "parkholidays_uid": "bltd644a67ee55774f5",
    "parkholidays_updated_at": "2022-12-13T13:25:13.091Z",
    "parkleisure_uid": "blta31be04e046804d2",
    "parkleisure_updated_at": "2022-12-13T13:25:14.023Z"
  },
  "85": {
    "id": "85",
    "from": "db.park_facilities",
    "title": "Harbour ",
    "legacy_uid": "blt1c001e669210d5a5",
    "legacy_updated_at": "2022-10-04T15:20:18.085Z",
    "global_uid": "blt9ef0d3bb35bfb087",
    "global_updated_at": "2022-12-13T13:25:32.164Z",
    "parkholidays_uid": "bltaab6a3a7beb7f68d",
    "parkholidays_updated_at": "2022-12-13T13:25:33.698Z",
    "parkleisure_uid": "blt686687ced7b25e38",
    "parkleisure_updated_at": "2022-12-13T13:25:34.582Z"
  },
  "86": {
    "id": "86",
    "from": "db.park_facilities",
    "title": "Guided Tours",
    "legacy_uid": "blt7c6bd7b2c7943912",
    "legacy_updated_at": "2022-10-04T15:21:06.590Z",
    "global_uid": "blt25df09603bc980ad",
    "global_updated_at": "2022-12-13T13:19:53.779Z",
    "parkholidays_uid": "blt2894f7e2c8d23eb4",
    "parkholidays_updated_at": "2022-12-13T13:19:55.055Z",
    "parkleisure_uid": "blt88ff74c3236f5068",
    "parkleisure_updated_at": "2022-12-13T13:19:56.060Z"
  },
  "87": {
    "id": "87",
    "from": "db.park_facilities",
    "title": "Sandy Beaches",
    "legacy_uid": "bltcb1405324ee6af3f",
    "legacy_updated_at": "2022-10-04T15:20:28.337Z",
    "global_uid": "bltfaa620e2773090a9",
    "global_updated_at": "2022-12-13T13:24:20.415Z",
    "parkholidays_uid": "bltd4c882ca4ebb0012",
    "parkholidays_updated_at": "2022-12-13T13:24:21.746Z",
    "parkleisure_uid": "blt144cbc0401f5e279",
    "parkleisure_updated_at": "2022-12-13T13:24:22.693Z"
  },
  "88": {
    "id": "88",
    "from": "db.park_facilities",
    "title": "Coastal Walks",
    "legacy_uid": "bltdb6e8d03ec4fa6d9",
    "legacy_updated_at": "2022-10-04T15:20:09.328Z",
    "global_uid": "blt636ed91df26151d6",
    "global_updated_at": "2022-12-13T13:26:33.964Z",
    "parkholidays_uid": "blt823644e0f1a66de4",
    "parkholidays_updated_at": "2022-12-13T13:26:35.298Z",
    "parkleisure_uid": "blta79b670b215e3f0c",
    "parkleisure_updated_at": "2022-12-13T13:26:36.304Z"
  },
  "89": {
    "id": "89",
    "from": "db.park_facilities",
    "title": "Steam Railway",
    "legacy_uid": "blt281064941f930dde",
    "legacy_updated_at": "2022-10-04T15:21:08.062Z",
    "global_uid": "bltf7adff78402cc929",
    "global_updated_at": "2022-12-13T13:19:43.581Z",
    "parkholidays_uid": "blt137bdb39885e738d",
    "parkholidays_updated_at": "2022-12-13T13:19:44.984Z",
    "parkleisure_uid": "blt2c92d6574e07ed10",
    "parkleisure_updated_at": "2022-12-13T13:19:45.961Z"
  },
  "90": {
    "id": "90",
    "from": "db.park_facilities",
    "title": "Pier",
    "legacy_uid": "bltf1bb6f2250341977",
    "legacy_updated_at": "2022-10-04T15:20:53.269Z",
    "global_uid": "blt97ffbea9088b2e76",
    "global_updated_at": "2022-12-13T13:21:25.927Z",
    "parkholidays_uid": "bltf6a32cd936235f7f",
    "parkholidays_updated_at": "2022-12-13T13:21:27.263Z",
    "parkleisure_uid": "blt7dd60be310947c36",
    "parkleisure_updated_at": "2022-12-13T13:21:28.271Z"
  },
  "91": {
    "id": "91",
    "from": "db.park_facilities",
    "title": "Fishing Port",
    "legacy_uid": "bltd19b60f5df2ac727",
    "legacy_updated_at": "2022-10-04T15:22:16.143Z",
    "global_uid": "bltfbab9043ff63a11f",
    "global_updated_at": "2022-12-13T13:11:50.819Z",
    "parkholidays_uid": "blt0709107a9c4925d2",
    "parkholidays_updated_at": "2022-12-13T13:11:52.204Z",
    "parkleisure_uid": "blta414b48cbf4bb211",
    "parkleisure_updated_at": "2022-12-13T13:11:53.163Z"
  },
  "92": {
    "id": "92",
    "from": "db.park_facilities",
    "title": "Geopark",
    "legacy_uid": "blt685a545512479676",
    "legacy_updated_at": "2022-10-04T15:21:05.119Z",
    "global_uid": "bltea6cc57483440f38",
    "global_updated_at": "2022-12-13T13:20:03.950Z",
    "parkholidays_uid": "blt61c992b4c901a865",
    "parkholidays_updated_at": "2022-12-13T13:20:05.314Z",
    "parkleisure_uid": "blt0084c91c56288e75",
    "parkleisure_updated_at": "2022-12-13T13:20:06.284Z"
  },
  "93": {
    "id": "93",
    "from": "db.park_facilities",
    "title": "Zoo",
    "legacy_uid": "blt52d422c1a6f0264a",
    "legacy_updated_at": "2022-10-04T15:20:38.600Z",
    "global_uid": "bltd365eab7080674ec",
    "global_updated_at": "2022-12-13T13:23:08.658Z",
    "parkholidays_uid": "blt96cf6484608c3448",
    "parkholidays_updated_at": "2022-12-13T13:23:09.875Z",
    "parkleisure_uid": "blt36a78ffe45c41d33",
    "parkleisure_updated_at": "2022-12-13T13:23:10.987Z"
  },
  "94": {
    "id": "94",
    "from": "db.park_facilities",
    "title": "Crazy Golf Course",
    "legacy_uid": "blt6869c020001121c8",
    "legacy_updated_at": "2022-10-04T15:20:10.767Z",
    "global_uid": "blt36b5170d9761fd81",
    "global_updated_at": "2022-12-13T13:26:23.559Z",
    "parkholidays_uid": "blt1bf7e8b87fde48d5",
    "parkholidays_updated_at": "2022-12-13T13:26:24.996Z"
  },
  "95": {
    "id": "95",
    "from": "db.park_facilities",
    "title": "Amusement Park and Arcades",
    "legacy_uid": "bltf763b96b3c9aadd5",
    "legacy_updated_at": "2022-10-04T15:20:06.416Z",
    "global_uid": "blt98edf3a74707506a",
    "global_updated_at": "2022-12-13T13:26:54.485Z",
    "parkholidays_uid": "blt3dccfcc777ee2af0",
    "parkholidays_updated_at": "2022-12-13T13:26:55.854Z",
    "parkleisure_uid": "blt86ceb316f8013c9c",
    "parkleisure_updated_at": "2022-12-13T13:26:56.920Z"
  },
  "96": {
    "id": "96",
    "from": "db.park_facilities",
    "title": "Waterpark",
    "legacy_uid": "blt0b6ac8e863fd36b2",
    "legacy_updated_at": "2022-10-04T15:20:37.160Z",
    "global_uid": "blte3b9923d1d130e1b",
    "global_updated_at": "2022-12-13T13:23:18.898Z",
    "parkholidays_uid": "blt4ad21f66c57d5b3a",
    "parkholidays_updated_at": "2022-12-13T13:23:20.252Z",
    "parkleisure_uid": "blt652a4e9db9a01951",
    "parkleisure_updated_at": "2022-12-13T13:23:21.269Z"
  },
  "97": {
    "id": "97",
    "from": "db.park_facilities",
    "title": "Seaside Town",
    "legacy_uid": "blt06dbd0fb95e7c800",
    "legacy_updated_at": "2022-10-04T15:20:29.838Z",
    "global_uid": "blt2734335bd7f10794",
    "global_updated_at": "2022-12-13T13:24:10.173Z",
    "parkholidays_uid": "blt6962e42d5ca26f39",
    "parkholidays_updated_at": "2022-12-13T13:24:11.586Z",
    "parkleisure_uid": "blt4d1b4186d5ae6d7d",
    "parkleisure_updated_at": "2022-12-13T13:24:12.558Z"
  },
  "100": {
    "id": "100",
    "from": "db.park_facilities",
    "title": "Indoor Soft Play Area",
    "legacy_uid": "blt262c3f8dcfd5d1ae",
    "legacy_updated_at": "2022-10-04T15:22:17.599Z",
    "global_uid": "bltc0a780a190b22340",
    "global_updated_at": "2022-12-13T13:11:40.562Z",
    "parkholidays_uid": "blt33df9676a6487b03",
    "parkholidays_updated_at": "2022-12-13T13:11:41.904Z",
    "parkleisure_uid": "blt9d89d121b84da810",
    "parkleisure_updated_at": "2022-12-13T13:11:42.838Z"
  },
  "102": {
    "id": "102",
    "from": "db.park_facilities",
    "title": "Aquarium",
    "legacy_uid": "bltc0513921e10e3857",
    "legacy_updated_at": "2022-10-04T15:20:07.870Z",
    "global_uid": "bltbb4a4b449d663fc5",
    "global_updated_at": "2022-12-13T13:26:44.188Z",
    "parkholidays_uid": "blt3c7e443829402307",
    "parkholidays_updated_at": "2022-12-13T13:26:45.564Z",
    "parkleisure_uid": "blt14de812ff4a4475d",
    "parkleisure_updated_at": "2022-12-13T13:26:46.629Z"
  },
  "103": {
    "id": "103",
    "from": "db.park_facilities",
    "title": "Adventure Park",
    "legacy_uid": "bltc3dbdfbaea51937b",
    "legacy_updated_at": "2022-10-04T15:20:04.954Z",
    "global_uid": "blta17669806672e875",
    "global_updated_at": "2022-12-13T13:27:04.809Z",
    "parkholidays_uid": "blt410a90434e0fc6c0",
    "parkholidays_updated_at": "2022-12-13T13:27:06.331Z",
    "parkleisure_uid": "blt2f5e049ac58dc1f4",
    "parkleisure_updated_at": "2022-12-13T13:27:07.220Z"
  },
  "104": {
    "id": "104",
    "from": "db.park_facilities",
    "title": "Adventure Activities",
    "legacy_uid": "blt79db8aca730e708f",
    "legacy_updated_at": "2022-10-04T15:21:46.870Z",
    "global_uid": "blt7d14038585651a3d",
    "global_updated_at": "2022-12-13T13:15:16.527Z",
    "parkholidays_uid": "bltb94198ac5fd2780d",
    "parkholidays_updated_at": "2022-12-13T13:15:17.969Z"
  },
  "105": {
    "id": "105",
    "from": "db.park_facilities",
    "title": "Area of Outstanding Natural Beauty ",
    "legacy_uid": "bltf52b0bef53464955",
    "legacy_updated_at": "2022-10-04T15:20:59.253Z",
    "global_uid": "bltc7abc4a681265711",
    "global_updated_at": "2022-12-13T13:20:44.831Z",
    "parkholidays_uid": "blt283ed1c4e1977ee9",
    "parkholidays_updated_at": "2022-12-13T13:20:46.180Z",
    "parkleisure_uid": "blt8053ffc000aac46e",
    "parkleisure_updated_at": "2022-12-13T13:20:47.365Z"
  },
  "107": {
    "id": "107",
    "from": "db.park_facilities",
    "title": "Country Park",
    "legacy_uid": "blt3a5fd3c0841d7692",
    "legacy_updated_at": "2022-10-04T15:21:26.000Z",
    "global_uid": "blt0f14a4b88984bba5",
    "global_updated_at": "2022-12-13T13:17:40.301Z",
    "parkholidays_uid": "blte4a4f251ea389b5f",
    "parkholidays_updated_at": "2022-12-13T13:17:41.704Z",
    "parkleisure_uid": "blt07d1ee3f94a46f63",
    "parkleisure_updated_at": "2022-12-13T13:17:42.675Z"
  },
  "108": {
    "id": "108",
    "from": "db.park_facilities",
    "title": "Golf",
    "legacy_uid": "blt93a63690d0722bb7",
    "legacy_updated_at": "2022-10-04T15:22:19.046Z",
    "global_uid": "bltd8f2f439014e9123",
    "global_updated_at": "2022-12-13T13:11:30.178Z",
    "parkholidays_uid": "bltac9fe187c40989e2",
    "parkholidays_updated_at": "2022-12-13T13:11:31.598Z",
    "parkleisure_uid": "blte477c5d7469d90c9",
    "parkleisure_updated_at": "2022-12-13T13:11:32.647Z"
  },
  "109": {
    "id": "109",
    "from": "db.park_facilities",
    "title": "Cycle Hire",
    "legacy_uid": "bltf2c3248d9603d679",
    "legacy_updated_at": "2022-10-04T15:21:10.999Z",
    "global_uid": "bltdff3eec4dc524495",
    "global_updated_at": "2022-12-13T13:19:23.048Z",
    "parkholidays_uid": "blt3f751cc8b355e473",
    "parkholidays_updated_at": "2022-12-13T13:19:24.436Z",
    "parkleisure_uid": "bltad2b7848326f0276",
    "parkleisure_updated_at": "2022-12-13T13:19:25.463Z"
  },
  "110": {
    "id": "110",
    "from": "db.park_facilities",
    "title": "Cycle Routes",
    "legacy_uid": "blt1fdbf15efbad0daa",
    "legacy_updated_at": "2022-10-04T15:20:44.455Z",
    "global_uid": "blt3cdef86e0b70fe81",
    "global_updated_at": "2022-12-13T13:22:27.544Z",
    "parkholidays_uid": "blt8d5bd7a1600ad62e",
    "parkholidays_updated_at": "2022-12-13T13:22:28.859Z",
    "parkleisure_uid": "bltc46ac84aac3c1ab7",
    "parkleisure_updated_at": "2022-12-13T13:22:29.895Z"
  },
  "111": {
    "id": "111",
    "from": "db.park_facilities",
    "title": "Discovery Trail",
    "legacy_uid": "bltc78350f154d1d8b5",
    "legacy_updated_at": "2022-10-04T15:22:11.742Z",
    "global_uid": "bltbcf2693df4b853b3",
    "global_updated_at": "2022-12-13T13:12:21.675Z",
    "parkholidays_uid": "bltec88d39ae5c21a3d",
    "parkholidays_updated_at": "2022-12-13T13:12:23.020Z",
    "parkleisure_uid": "bltefce79e51bef3dac",
    "parkleisure_updated_at": "2022-12-13T13:12:24.054Z"
  },
  "112": {
    "id": "112",
    "from": "db.park_facilities",
    "title": "Estuary Trail",
    "legacy_uid": "blt96e7c9ba20162f11",
    "legacy_updated_at": "2022-10-04T15:21:51.289Z",
    "global_uid": "bltf217fc48fbb72ab9",
    "global_updated_at": "2022-12-13T13:14:45.717Z",
    "parkholidays_uid": "blt90bda8f5a977b888",
    "parkholidays_updated_at": "2022-12-13T13:14:47.013Z",
    "parkleisure_uid": "blt57234e623b60d12a",
    "parkleisure_updated_at": "2022-12-13T13:14:48.063Z"
  },
  "113": {
    "id": "113",
    "from": "db.park_facilities",
    "title": "Fishing Town",
    "legacy_uid": "blt505884f7bebf5b4c",
    "legacy_updated_at": "2022-10-04T15:21:02.194Z",
    "global_uid": "blt1f131f30f32cabaf",
    "global_updated_at": "2022-12-13T13:20:24.366Z",
    "parkholidays_uid": "blt7bb2b0d7de8cea1d",
    "parkholidays_updated_at": "2022-12-13T13:20:25.670Z",
    "parkleisure_uid": "blta6e157b67cefe433",
    "parkleisure_updated_at": "2022-12-13T13:20:26.647Z"
  },
  "114": {
    "id": "114",
    "from": "db.park_facilities",
    "title": "Fishing Trips",
    "legacy_uid": "blta6c7066d99995a05",
    "legacy_updated_at": "2022-10-04T15:21:03.662Z",
    "global_uid": "blt70e4b295359e2bfd",
    "global_updated_at": "2022-12-13T13:20:14.164Z",
    "parkholidays_uid": "bltdc36222bef9e2422",
    "parkholidays_updated_at": "2022-12-13T13:20:15.567Z",
    "parkleisure_uid": "blt080cab392e739099",
    "parkleisure_updated_at": "2022-12-13T13:20:16.590Z"
  },
  "115": {
    "id": "115",
    "from": "db.park_facilities",
    "title": "Fishing Village",
    "legacy_uid": "blt627bb9c9130d9b10",
    "legacy_updated_at": "2022-10-04T15:22:01.492Z",
    "global_uid": "blt52acfe22e58822a9",
    "global_updated_at": "2022-12-13T13:13:33.716Z",
    "parkholidays_uid": "blt42a5a1b940774712",
    "parkholidays_updated_at": "2022-12-13T13:13:35.026Z",
    "parkleisure_uid": "blt5dddf573f7b86986",
    "parkleisure_updated_at": "2022-12-13T13:13:36.088Z"
  },
  "116": {
    "id": "116",
    "from": "db.park_facilities",
    "title": "Leisure Centre",
    "legacy_uid": "blt0bc40c4cb31923f5",
    "legacy_updated_at": "2022-10-04T15:20:47.391Z",
    "global_uid": "blt1338a37ee67657a2",
    "global_updated_at": "2022-12-13T13:22:07.029Z",
    "parkholidays_uid": "blte02c178d5773d3e9",
    "parkholidays_updated_at": "2022-12-13T13:22:08.418Z",
    "parkleisure_uid": "blt16b0f92ac399d979",
    "parkleisure_updated_at": "2022-12-13T13:22:09.316Z"
  },
  "117": {
    "id": "117",
    "from": "db.park_facilities",
    "title": "Pebble Beaches",
    "legacy_uid": "blt216b36ffb083cd98",
    "legacy_updated_at": "2022-10-04T15:20:51.797Z",
    "global_uid": "blt083fbcd3554ad191",
    "global_updated_at": "2022-12-13T13:21:36.237Z",
    "parkholidays_uid": "blt5d942454fb657ca4",
    "parkholidays_updated_at": "2022-12-13T13:21:37.681Z",
    "parkleisure_uid": "bltdfe2f086f27cbc74",
    "parkleisure_updated_at": "2022-12-13T13:21:38.704Z"
  },
  "118": {
    "id": "118",
    "from": "db.park_facilities",
    "title": "Theme Park",
    "legacy_uid": "blt2d92a14e29b90646",
    "legacy_updated_at": "2022-10-04T15:20:35.694Z",
    "global_uid": "blt90edb0768cdb0c38",
    "global_updated_at": "2022-12-13T13:23:29.145Z",
    "parkholidays_uid": "blt4a9cafa2691827da",
    "parkholidays_updated_at": "2022-12-13T13:23:30.529Z",
    "parkleisure_uid": "blte6c2f27fd31084eb",
    "parkleisure_updated_at": "2022-12-13T13:23:31.504Z"
  },
  "119": {
    "id": "119",
    "from": "db.park_facilities",
    "title": "Dog-friendly Walks",
    "legacy_uid": "bltd0aacd014494c7b5",
    "legacy_updated_at": "2022-10-04T15:20:12.220Z",
    "global_uid": "blt42e9f4ee6fce9be3",
    "global_updated_at": "2022-12-13T13:26:13.406Z",
    "parkholidays_uid": "bltc070caa33a20fe46",
    "parkholidays_updated_at": "2022-12-13T13:26:14.643Z",
    "parkleisure_uid": "blt510527417b660d24",
    "parkleisure_updated_at": "2022-12-13T13:26:15.628Z"
  },
  "121": {
    "id": "121",
    "from": "db.park_facilities",
    "title": "Award Winning Beach",
    "legacy_uid": "blt96f54a277609f17b",
    "legacy_updated_at": "2022-10-04T15:39:02.587Z",
    "global_uid": "blt18736ea4cc42a9c3",
    "global_updated_at": "2022-12-13T13:11:19.998Z",
    "parkholidays_uid": "blt1252e64c5d4ec710",
    "parkholidays_updated_at": "2022-12-13T13:11:21.298Z",
    "parkleisure_uid": "blt3aab58e265874db3",
    "parkleisure_updated_at": "2022-12-13T13:11:22.346Z"
  },
  "122": {
    "id": "122",
    "from": "db.park_facilities",
    "title": "Craft Centre",
    "legacy_uid": "blte9f7f8105c7e3fd2",
    "legacy_updated_at": "2022-10-04T15:21:49.801Z",
    "global_uid": "blt62ccb4bbe750b124",
    "global_updated_at": "2022-12-13T13:14:55.959Z",
    "parkholidays_uid": "blta61a180ee29cef5f",
    "parkholidays_updated_at": "2022-12-13T13:14:58.437Z",
    "parkleisure_uid": "blt1cad0bf2614b4531",
    "parkleisure_updated_at": "2022-12-13T13:14:59.289Z"
  },
  "123": {
    "id": "123",
    "from": "db.park_facilities",
    "title": "Animal Farm",
    "legacy_uid": "bltcdaadc61d8dc0dec",
    "legacy_updated_at": "2022-10-04T15:21:48.332Z",
    "global_uid": "blt75032e6644e2d7ed",
    "global_updated_at": "2022-12-13T13:15:06.309Z",
    "parkholidays_uid": "blt2089bf8b5abbb419",
    "parkholidays_updated_at": "2022-12-13T13:15:07.794Z",
    "parkleisure_uid": "blt0201624743b0e795",
    "parkleisure_updated_at": "2022-12-13T13:15:08.776Z"
  },
  "124": {
    "id": "124",
    "from": "db.park_facilities",
    "title": "Historic Sites and Landmarks",
    "legacy_uid": "blt909ff39bcad710f1",
    "legacy_updated_at": "2022-10-04T15:20:19.541Z",
    "global_uid": "blt176895c2821c05c8",
    "global_updated_at": "2022-12-13T13:25:21.906Z",
    "parkholidays_uid": "bltf4a2a09a84129fe9",
    "parkholidays_updated_at": "2022-12-13T13:25:23.299Z",
    "parkleisure_uid": "blt6ff0ba4098bd15c0",
    "parkleisure_updated_at": "2022-12-13T13:25:24.292Z"
  },
  "125": {
    "id": "125",
    "from": "db.park_facilities",
    "title": "Museums",
    "legacy_uid": "blt0cc45913ff903fcc",
    "legacy_updated_at": "2022-10-04T15:20:23.956Z",
    "global_uid": "bltbaa84b351f4f066c",
    "global_updated_at": "2022-12-13T13:24:51.047Z",
    "parkholidays_uid": "blt05121fe2570fec8f",
    "parkholidays_updated_at": "2022-12-13T13:24:52.519Z",
    "parkleisure_uid": "blt06726a64ab4ef33d",
    "parkleisure_updated_at": "2022-12-13T13:24:53.522Z"
  },
  "126": {
    "id": "126",
    "from": "db.park_facilities",
    "title": "Nature & Wildlife Reserve",
    "legacy_uid": "blte26f3acb4da5eccb",
    "legacy_updated_at": "2022-10-04T15:21:52.759Z",
    "global_uid": "blt65eaca5533708c03",
    "global_updated_at": "2022-12-13T13:14:35.370Z",
    "parkholidays_uid": "blt53b0d8558e86271d",
    "parkholidays_updated_at": "2022-12-13T13:14:36.742Z",
    "parkleisure_uid": "blt7a811240f7b6e177",
    "parkleisure_updated_at": "2022-12-13T13:14:37.692Z"
  },
  "127": {
    "id": "127",
    "from": "db.park_facilities",
    "title": "Farm",
    "legacy_uid": "blt5d539a1a681b5af2",
    "legacy_updated_at": "2022-10-04T15:20:13.680Z",
    "global_uid": "blte149562326c28a9a",
    "global_updated_at": "2022-12-13T13:26:02.931Z",
    "parkholidays_uid": "blt622b6282ff3d536c",
    "parkholidays_updated_at": "2022-12-13T13:26:04.310Z",
    "parkleisure_uid": "blt48036c491a449f73",
    "parkleisure_updated_at": "2022-12-13T13:26:05.363Z"
  },
  "128": {
    "id": "128",
    "from": "db.park_facilities",
    "title": "Farm Activity Centre",
    "legacy_uid": "blt70611b4d50927872",
    "legacy_updated_at": "2022-10-04T15:20:15.146Z",
    "global_uid": "bltc21489a78012abc9",
    "global_updated_at": "2022-12-13T13:25:52.723Z",
    "parkholidays_uid": "blt50a25965265b851a",
    "parkholidays_updated_at": "2022-12-13T13:25:54.125Z",
    "parkleisure_uid": "blt3d2d4b57c0bb8546",
    "parkleisure_updated_at": "2022-12-13T13:25:55.064Z"
  },
  "129": {
    "id": "129",
    "from": "db.park_facilities",
    "title": "National Park",
    "legacy_uid": "blt84d01b0677103609",
    "legacy_updated_at": "2022-10-04T15:21:12.454Z",
    "global_uid": "bltf6321bc5a1bcde64",
    "global_updated_at": "2022-12-13T13:19:12.750Z",
    "parkholidays_uid": "bltcd01f9dffe16e1de",
    "parkholidays_updated_at": "2022-12-13T13:19:14.098Z"
  },
  "130": {
    "id": "130",
    "from": "db.park_facilities",
    "title": "Natural Coastline",
    "legacy_uid": "bltd66eb841fdd06f1f",
    "legacy_updated_at": "2022-10-04T15:21:13.943Z",
    "global_uid": "blt2553073d6ac51efc",
    "global_updated_at": "2022-12-13T13:19:02.473Z",
    "parkholidays_uid": "blt268bbcb24257d5ff",
    "parkholidays_updated_at": "2022-12-13T13:19:03.883Z",
    "parkleisure_uid": "bltd39b12f302bf101e",
    "parkleisure_updated_at": "2022-12-13T13:19:04.879Z"
  },
  "131": {
    "id": "131",
    "from": "db.park_facilities",
    "title": "Nature Trail",
    "legacy_uid": "bltda39205a77f939fc",
    "legacy_updated_at": "2022-10-04T15:21:15.398Z",
    "global_uid": "blte5b7c47be115edbc",
    "global_updated_at": "2022-12-13T13:18:52.166Z",
    "parkholidays_uid": "blta82960538631eae6",
    "parkholidays_updated_at": "2022-12-13T13:18:53.536Z",
    "parkleisure_uid": "blt02de2a20cb3a6bc8",
    "parkleisure_updated_at": "2022-12-13T13:18:54.529Z"
  },
  "132": {
    "id": "132",
    "from": "db.park_facilities",
    "title": "Unspoilt Countryside",
    "legacy_uid": "bltddcc331237860d57",
    "legacy_updated_at": "2022-10-04T15:21:16.876Z",
    "global_uid": "blt09158b9def0cdc37",
    "global_updated_at": "2022-12-13T13:18:41.975Z",
    "parkholidays_uid": "blt0ac613cf800f368c",
    "parkholidays_updated_at": "2022-12-13T13:18:43.518Z",
    "parkleisure_uid": "blt5581bb5b05fffc8a",
    "parkleisure_updated_at": "2022-12-13T13:18:44.458Z"
  },
  "133": {
    "id": "133",
    "from": "db.park_facilities",
    "title": "Escape Games",
    "legacy_uid": "blt81e245e2398bbdb6",
    "legacy_updated_at": "2022-10-04T15:21:21.588Z",
    "global_uid": "blt44ee0e1951e42bfc",
    "global_updated_at": "2022-12-13T13:18:11.185Z",
    "parkholidays_uid": "blt994d8e8de4465f63",
    "parkholidays_updated_at": "2022-12-13T13:18:12.644Z",
    "parkleisure_uid": "blt0be6db1d83e2a4cb",
    "parkleisure_updated_at": "2022-12-13T13:18:13.581Z"
  },
  "134": {
    "id": "134",
    "from": "db.park_facilities",
    "title": "Theatre",
    "legacy_uid": "blt5fbf121c4034e628",
    "legacy_updated_at": "2022-10-04T15:20:34.220Z",
    "global_uid": "bltce97bd98e37a1ab0",
    "global_updated_at": "2022-12-13T13:23:39.370Z",
    "parkholidays_uid": "bltf72a383e12bfb11b",
    "parkholidays_updated_at": "2022-12-13T13:23:40.740Z",
    "parkleisure_uid": "blteee3f26a2f1f2505",
    "parkleisure_updated_at": "2022-12-13T13:23:41.762Z"
  },
  "135": {
    "id": "135",
    "from": "db.park_facilities",
    "title": "Golf Course",
    "legacy_uid": "bltb737aef2c0b33da9",
    "legacy_updated_at": "2022-10-04T15:20:45.940Z",
    "global_uid": "bltc40f50cba2b49c0d",
    "global_updated_at": "2022-12-13T13:22:17.219Z",
    "parkholidays_uid": "blt7df2bf60df86646c",
    "parkholidays_updated_at": "2022-12-13T13:22:18.627Z",
    "parkleisure_uid": "blt34a249205b98c8ce",
    "parkleisure_updated_at": "2022-12-13T13:22:19.557Z"
  },
  "136": {
    "id": "136",
    "from": "db.park_facilities",
    "title": "Boat Tours and Water Sports",
    "legacy_uid": "blt62c5f8ccf7c94de7",
    "legacy_updated_at": "2022-10-04T15:20:42.988Z",
    "global_uid": "blt2cc703bd8f5534d9",
    "global_updated_at": "2022-12-13T13:22:37.841Z",
    "parkholidays_uid": "blt85086dcb6de283d9",
    "parkholidays_updated_at": "2022-12-13T13:22:39.136Z",
    "parkleisure_uid": "blt7badc36cafd6dbcf",
    "parkleisure_updated_at": "2022-12-13T13:22:40.193Z"
  },
  "137": {
    "id": "137",
    "from": "db.park_facilities",
    "title": "Hiking Trails",
    "legacy_uid": "bltcc36aeac0ba8b09d",
    "legacy_updated_at": "2022-10-04T15:21:40.638Z",
    "global_uid": "blt7965c6430de42d53",
    "global_updated_at": "2022-12-13T13:15:57.752Z",
    "parkholidays_uid": "bltb13fd97e9aed2e32",
    "parkholidays_updated_at": "2022-12-13T13:15:59.211Z",
    "parkleisure_uid": "blt6a1f3b415a4b88c9",
    "parkleisure_updated_at": "2022-12-13T13:16:00.146Z"
  },
  "138": {
    "id": "138",
    "from": "db.park_facilities",
    "title": "Parks and Gardens",
    "legacy_uid": "blt0037b5f782ae7729",
    "legacy_updated_at": "2022-10-04T15:20:50.358Z",
    "global_uid": "blt22dde25ad9ebdf0a",
    "global_updated_at": "2022-12-13T13:21:46.601Z",
    "parkholidays_uid": "blt88c029d35a1ff130",
    "parkholidays_updated_at": "2022-12-13T13:21:47.906Z",
    "parkleisure_uid": "blt60cb1a59294f6712",
    "parkleisure_updated_at": "2022-12-13T13:21:48.895Z"
  },
  "139": {
    "id": "139",
    "from": "db.park_facilities",
    "title": "Wildlife Park",
    "legacy_uid": "blt56450381b48a84ba",
    "legacy_updated_at": "2022-10-04T15:21:33.306Z",
    "global_uid": "bltd1c0ced3799a8a72",
    "global_updated_at": "2022-12-13T13:16:49.018Z",
    "parkholidays_uid": "bltdfddc1e1a5fa1684",
    "parkholidays_updated_at": "2022-12-13T13:16:50.384Z",
    "parkleisure_uid": "blt84f7e43f69766097",
    "parkleisure_updated_at": "2022-12-13T13:16:51.345Z"
  },
  "140": {
    "id": "140",
    "from": "db.park_facilities",
    "title": "Adventure Golf Courses",
    "legacy_uid": "blt62b4cfcdc0cf64c1",
    "legacy_updated_at": "2022-10-04T15:20:41.540Z",
    "global_uid": "blt68420e97f6faa123",
    "global_updated_at": "2022-12-13T13:22:48.126Z",
    "parkholidays_uid": "blt2470a7f581a0618b",
    "parkholidays_updated_at": "2022-12-13T13:22:49.435Z",
    "parkleisure_uid": "blt043e1dd195b3ceb4",
    "parkleisure_updated_at": "2022-12-13T13:22:50.441Z"
  },
  "141": {
    "id": "141",
    "from": "db.park_facilities",
    "title": "Castle",
    "legacy_uid": "blt569870dc7e76947d",
    "legacy_updated_at": "2022-10-04T15:21:24.539Z",
    "global_uid": "blted24527eeec11f25",
    "global_updated_at": "2022-12-13T13:17:50.601Z",
    "parkholidays_uid": "blt9d6f61ec3449f3b1",
    "parkholidays_updated_at": "2022-12-13T13:17:51.966Z",
    "parkleisure_uid": "blt9781e3a3418f978d",
    "parkleisure_updated_at": "2022-12-13T13:17:52.978Z"
  },
  "143": {
    "id": "143",
    "from": "db.park_facilities",
    "title": "Racecourse",
    "legacy_uid": "bltfe65433a114b98c0",
    "legacy_updated_at": "2022-10-04T15:20:26.875Z",
    "global_uid": "blt51c96673366a4b3e",
    "global_updated_at": "2022-12-13T13:24:30.584Z",
    "parkholidays_uid": "blt7b36da393040fa2a",
    "parkholidays_updated_at": "2022-12-13T13:24:31.969Z",
    "parkleisure_uid": "blt4d8a49fba1a5612c",
    "parkleisure_updated_at": "2022-12-13T13:24:32.952Z"
  },
  "144": {
    "id": "144",
    "from": "db.park_facilities",
    "title": "Funfair",
    "legacy_uid": "blt84da73197207653d",
    "legacy_updated_at": "2022-10-04T15:20:16.612Z",
    "global_uid": "blt951782f054051188",
    "global_updated_at": "2022-12-13T13:25:42.426Z",
    "parkholidays_uid": "blt6c95be054a5bf7f1",
    "parkholidays_updated_at": "2022-12-13T13:25:43.781Z",
    "parkleisure_uid": "bltf5259b2c45fb6681",
    "parkleisure_updated_at": "2022-12-13T13:25:44.792Z"
  },
  "145": {
    "id": "145",
    "from": "db.park_facilities",
    "title": "Shopping Centre",
    "legacy_uid": "blte56177f2f5c1f281",
    "legacy_updated_at": "2022-10-04T15:20:31.291Z",
    "global_uid": "blt9ad1d1f1c7ce854e",
    "global_updated_at": "2022-12-13T13:23:59.855Z",
    "parkholidays_uid": "bltb2fb8c1a7080d22b",
    "parkholidays_updated_at": "2022-12-13T13:24:01.219Z",
    "parkleisure_uid": "blt77e5a6b42c083f81",
    "parkleisure_updated_at": "2022-12-13T13:24:02.254Z"
  },
  "149": {
    "id": "149",
    "from": "db.park_facilities",
    "title": "Fossil Walks ",
    "legacy_uid": "bltfef00f6444a2fb54",
    "legacy_updated_at": "2022-10-04T15:22:13.217Z",
    "global_uid": "blteed57e3c78d6026d",
    "global_updated_at": "2022-12-13T13:12:11.392Z",
    "parkholidays_uid": "bltf3f1be081876560a",
    "parkholidays_updated_at": "2022-12-13T13:12:12.798Z",
    "parkleisure_uid": "blt048954523f85ccd6",
    "parkleisure_updated_at": "2022-12-13T13:12:13.775Z"
  },
  "150": {
    "id": "150",
    "from": "db.park_facilities",
    "title": "Tree Top Adventures",
    "legacy_uid": "blt3f4e9e6a39bc5cfb",
    "legacy_updated_at": "2022-10-04T15:22:07.342Z",
    "global_uid": "blted8640e2ccb66fdb",
    "global_updated_at": "2022-12-13T13:12:52.464Z",
    "parkholidays_uid": "blt79425ede20b0c26d",
    "parkholidays_updated_at": "2022-12-13T13:12:53.758Z",
    "parkleisure_uid": "blt9e9ea0e63ce374c2",
    "parkleisure_updated_at": "2022-12-13T13:12:54.832Z"
  },
  "151": {
    "id": "151",
    "from": "db.park_facilities",
    "title": "World Heritage Site",
    "legacy_uid": "blt2963d5e2632952b6",
    "legacy_updated_at": "2022-10-04T15:22:14.692Z",
    "global_uid": "blta73c38799ac92cad",
    "global_updated_at": "2022-12-13T13:12:01.087Z",
    "parkholidays_uid": "blte707673b025dab02",
    "parkholidays_updated_at": "2022-12-13T13:12:02.506Z",
    "parkleisure_uid": "blt0d79192187c12420",
    "parkleisure_updated_at": "2022-12-13T13:12:03.477Z"
  },
  "152": {
    "from": "db.park_facilities",
    "duplicateId": "153",
    "id": "152",
    "title": "Nature & Wildlife Areas",
    "legacy_uid": "bltcedfe5807bcb3afe",
    "legacy_updated_at": "2022-10-04T15:20:48.906Z",
    "global_uid": "blt051aeb810f49fd61",
    "global_updated_at": "2022-12-13T13:21:56.825Z",
    "parkholidays_uid": "blt20f3cdd0c0db9841",
    "parkholidays_updated_at": "2022-12-13T13:21:58.230Z",
    "parkleisure_uid": "blt4f746abd46114338",
    "parkleisure_updated_at": "2022-12-13T13:21:59.231Z"
  },
  "153": {
    "id": "153",
    "from": "db.park_facilities",
    "title": "Nature & Wildlife Areas",
    "legacy_uid": "bltcedfe5807bcb3afe",
    "legacy_updated_at": "2022-10-04T15:20:48.906Z",
    "global_uid": "blt051aeb810f49fd61",
    "global_updated_at": "2022-12-13T13:21:56.825Z",
    "parkholidays_uid": "blt20f3cdd0c0db9841",
    "parkholidays_updated_at": "2022-12-13T13:21:58.230Z",
    "parkleisure_uid": "blt4f746abd46114338",
    "parkleisure_updated_at": "2022-12-13T13:21:59.231Z"
  },
  "154": {
    "id": "154",
    "from": "db.park_facilities",
    "title": "English Heritage sites",
    "legacy_uid": "bltd16f49dd7b35c6f9",
    "legacy_updated_at": "2022-10-04T15:22:08.820Z",
    "global_uid": "blt10577742fa3970cc",
    "global_updated_at": "2022-12-13T13:12:42.219Z",
    "parkholidays_uid": "blt85f3d7ad2de7db95",
    "parkholidays_updated_at": "2022-12-13T13:12:43.592Z",
    "parkleisure_uid": "blt9376f143635841ef",
    "parkleisure_updated_at": "2022-12-13T13:12:44.589Z"
  },
  "155": {
    "id": "155",
    "from": "db.park_facilities",
    "title": "Art Gallery",
    "legacy_uid": "blta866d44767097c72",
    "legacy_updated_at": "2022-10-04T15:21:34.761Z",
    "global_uid": "blte4202b2d584c4eca",
    "global_updated_at": "2022-12-13T13:16:38.695Z",
    "parkholidays_uid": "blt33c3dcc54378a3ea",
    "parkholidays_updated_at": "2022-12-13T13:16:40.041Z",
    "parkleisure_uid": "blt0ef45b227c30939f",
    "parkleisure_updated_at": "2022-12-13T13:16:41.150Z"
  },
  "157": {
    "id": "157",
    "from": "db.park_facilities",
    "title": "Weekend Cabaret Acts",
    "legacy_uid": "blt4355852ec48f087a",
    "legacy_updated_at": "2022-10-04T15:20:40.067Z",
    "global_uid": "blt4558c346dd898a55",
    "global_updated_at": "2022-12-13T13:22:58.332Z",
    "parkholidays_uid": "bltf58dca2b8c8d536a",
    "parkholidays_updated_at": "2022-12-13T13:22:59.739Z",
    "parkleisure_uid": "blt6cb4076435f19775",
    "parkleisure_updated_at": "2022-12-13T13:23:00.812Z"
  },
  "158": {
    "id": "158",
    "from": "db.park_facilities",
    "title": "Quay",
    "legacy_uid": "blt8f5b2b76540e4ea5",
    "legacy_updated_at": "2022-10-04T15:22:05.881Z",
    "global_uid": "blt20b8d2f3e7dcd062",
    "global_updated_at": "2022-12-13T13:13:02.725Z",
    "parkholidays_uid": "bltbbf95275df53e7c4",
    "parkholidays_updated_at": "2022-12-13T13:13:04.150Z",
    "parkleisure_uid": "blt529aef7b9524c6c6",
    "parkleisure_updated_at": "2022-12-13T13:13:05.233Z"
  },
  "160": {
    "id": "160",
    "from": "db.park_facilities",
    "title": "Shingle Beaches",
    "legacy_uid": "blt010393a434037c0c",
    "legacy_updated_at": "2022-10-04T15:21:58.566Z",
    "global_uid": "blt17903d6c8a92c36e",
    "global_updated_at": "2022-12-13T13:13:54.266Z",
    "parkholidays_uid": "blt06c216ead43d0cf0",
    "parkholidays_updated_at": "2022-12-13T13:13:55.544Z",
    "parkleisure_uid": "blt22fc0b132a96f5c5",
    "parkleisure_updated_at": "2022-12-13T13:13:56.560Z"
  },
  "163": {
    "id": "163",
    "from": "db.park_facilities",
    "title": "Bowling",
    "legacy_uid": "bltad8dd6fe7ff0bed4",
    "legacy_updated_at": "2022-10-04T15:21:20.146Z",
    "global_uid": "blt142296b03a3341c7",
    "global_updated_at": "2022-12-13T13:18:21.458Z",
    "parkholidays_uid": "blte3732a774aecd7fa",
    "parkholidays_updated_at": "2022-12-13T13:18:22.772Z",
    "parkleisure_uid": "bltf52d83c7d9754dd6",
    "parkleisure_updated_at": "2022-12-13T13:18:23.774Z"
  },
  "164": {
    "id": "164",
    "from": "db.park_facilities",
    "title": "Climbing Centre",
    "legacy_uid": "blt97e0524e16bbed2f",
    "legacy_updated_at": "2022-10-04T15:21:36.231Z",
    "global_uid": "blt791529b42fac4b03",
    "global_updated_at": "2022-12-13T13:16:28.483Z",
    "parkholidays_uid": "blt70fffbb25eeaab2b",
    "parkholidays_updated_at": "2022-12-13T13:16:29.770Z",
    "parkleisure_uid": "blt5126c5e9601c05b6",
    "parkleisure_updated_at": "2022-12-13T13:16:30.785Z"
  },
  "165": {
    "id": "165",
    "from": "db.park_facilities",
    "title": "Walking Tours",
    "legacy_uid": "blte1a873e391cd68b3",
    "legacy_updated_at": "2022-10-04T15:22:00.039Z",
    "global_uid": "blt232c441f8b1238ac",
    "global_updated_at": "2022-12-13T13:13:43.937Z",
    "parkholidays_uid": "blt03cb189fcda71121",
    "parkholidays_updated_at": "2022-12-13T13:13:45.366Z",
    "parkleisure_uid": "bltd2b7e2a47583a0aa",
    "parkleisure_updated_at": "2022-12-13T13:13:46.367Z"
  },
  "166": {
    "id": "166",
    "from": "db.park_facilities",
    "title": "National Trust Sites",
    "legacy_uid": "blt4f9a9d6075137421",
    "legacy_updated_at": "2022-10-04T15:21:43.945Z",
    "global_uid": "blt39b56511bf2d769e",
    "global_updated_at": "2022-12-13T13:15:37.238Z",
    "parkholidays_uid": "blt5a01fba14ab5edd4",
    "parkholidays_updated_at": "2022-12-13T13:15:38.591Z",
    "parkleisure_uid": "bltd7b42fdf4abaa8aa",
    "parkleisure_updated_at": "2022-12-13T13:15:39.577Z"
  },
  "167": {
    "id": "167",
    "from": "db.park_facilities",
    "title": "Sand and Shingle Beaches",
    "legacy_uid": "blt123ed91db7c1079b",
    "legacy_updated_at": "2022-10-04T15:20:57.814Z",
    "global_uid": "blt3b46fc7742903a43",
    "global_updated_at": "2022-12-13T13:20:55.133Z",
    "parkholidays_uid": "blt1e86d21d944f77d9",
    "parkholidays_updated_at": "2022-12-13T13:20:56.532Z",
    "parkleisure_uid": "bltd8519c90f2208003",
    "parkleisure_updated_at": "2022-12-13T13:20:57.475Z"
  },
  "168": {
    "id": "168",
    "from": "db.park_facilities",
    "title": "Roller Skating Rink",
    "legacy_uid": "bltcc22dc58a5e4689f",
    "legacy_updated_at": "2022-10-04T15:20:56.203Z",
    "global_uid": "blt7bed347cc0f07485",
    "global_updated_at": "2022-12-13T13:21:05.398Z",
    "parkholidays_uid": "bltf27b0b786643bb44",
    "parkholidays_updated_at": "2022-12-13T13:21:06.698Z",
    "parkleisure_uid": "bltadd0867bb45fbaa5",
    "parkleisure_updated_at": "2022-12-13T13:21:07.718Z"
  },
  "169": {
    "id": "169",
    "from": "db.park_facilities",
    "title": "Adventure Play Centre",
    "legacy_uid": "blt3d488ddc180eb602",
    "legacy_updated_at": "2022-10-04T15:21:42.483Z",
    "global_uid": "bltf4a536ef18b6e063",
    "global_updated_at": "2022-12-13T13:15:47.572Z",
    "parkholidays_uid": "bltb67e2d09972b7b63",
    "parkholidays_updated_at": "2022-12-13T13:15:48.883Z",
    "parkleisure_uid": "blt47f1dbc78d8945b0",
    "parkleisure_updated_at": "2022-12-13T13:15:49.850Z"
  },
  "170": {
    "id": "170",
    "from": "db.park_facilities",
    "title": "Ski Centre",
    "legacy_uid": "bltc6d68c31a898dc3f",
    "legacy_updated_at": "2022-10-04T15:21:45.388Z",
    "global_uid": "blt4884385fd67abe44",
    "global_updated_at": "2022-12-13T13:15:26.979Z",
    "parkholidays_uid": "blt5e14875c6487987f",
    "parkholidays_updated_at": "2022-12-13T13:15:28.401Z",
    "parkleisure_uid": "blt3a30c355d6fe4e3f",
    "parkleisure_updated_at": "2022-12-13T13:15:29.308Z"
  },
  "171": {
    "id": "171",
    "from": "db.park_facilities",
    "title": "Indoor Soft Play Areas",
    "legacy_uid": "blt4aa99bb1f04350d3",
    "legacy_updated_at": "2022-10-04T15:21:23.063Z",
    "global_uid": "blt3137ed012b90e167",
    "global_updated_at": "2022-12-13T13:18:00.909Z",
    "parkholidays_uid": "blteb9453fdbb23695b",
    "parkholidays_updated_at": "2022-12-13T13:18:02.532Z",
    "parkleisure_uid": "bltf9260258e2e14116",
    "parkleisure_updated_at": "2022-12-13T13:18:03.590Z"
  },
  "172": {
    "id": "172",
    "from": "db.park_facilities",
    "title": "Canal",
    "legacy_uid": "blt761b3cb2e0446736",
    "legacy_updated_at": "2022-10-04T15:21:55.649Z",
    "global_uid": "bltba73d25b9fb7fa27",
    "global_updated_at": "2022-12-13T13:14:14.802Z",
    "parkholidays_uid": "bltc24060e0fae12bf9",
    "parkholidays_updated_at": "2022-12-13T13:14:16.203Z",
    "parkleisure_uid": "bltd5b906fc73a181cf",
    "parkleisure_updated_at": "2022-12-13T13:14:17.440Z"
  },
  "173": {
    "id": "173",
    "from": "db.park_facilities",
    "title": "Planetarium Science Centre",
    "legacy_uid": "blt23039ab74e1311bc",
    "legacy_updated_at": "2022-10-04T15:21:57.099Z",
    "global_uid": "blt4a4cc88e72ed8e58",
    "global_updated_at": "2022-12-13T13:14:04.508Z",
    "parkholidays_uid": "bltd44619c6624846e2",
    "parkholidays_updated_at": "2022-12-13T13:14:05.852Z",
    "parkleisure_uid": "blt489e481b50e15327",
    "parkleisure_updated_at": "2022-12-13T13:14:06.891Z"
  },
  "174": {
    "id": "174",
    "from": "db.park_facilities",
    "title": "Trampoline Park",
    "legacy_uid": "blt2f53b83f04017589",
    "legacy_updated_at": "2022-10-04T15:21:28.918Z",
    "global_uid": "blt0c032d04f3ba4761",
    "global_updated_at": "2022-12-13T13:17:19.801Z",
    "parkholidays_uid": "blte808041537565754",
    "parkholidays_updated_at": "2022-12-13T13:17:21.145Z",
    "parkleisure_uid": "blt47c1983497a30fbf",
    "parkleisure_updated_at": "2022-12-13T13:17:22.152Z"
  },
  "175": {
    "id": "175",
    "from": "db.park_facilities",
    "title": "Activity Centre",
    "legacy_uid": "blt797bfd94a6c5dadd",
    "legacy_updated_at": "2022-10-04T15:21:18.329Z",
    "global_uid": "bltafa1d9d835f22971",
    "global_updated_at": "2022-12-13T13:18:31.624Z",
    "parkholidays_uid": "blt12516bcf0c9d6e6a",
    "parkholidays_updated_at": "2022-12-13T13:18:32.966Z",
    "parkleisure_uid": "blt4ec86a606feb6b2e",
    "parkleisure_updated_at": "2022-12-13T13:18:33.954Z"
  },
  "176": {
    "id": "176",
    "from": "db.park_facilities",
    "title": "Tennis Courts ",
    "legacy_uid": "blt495775c135a43ed9",
    "legacy_updated_at": "2022-10-04T15:22:02.965Z",
    "global_uid": "bltcddbb06b758cab6a",
    "global_updated_at": "2022-12-13T13:13:23.296Z",
    "parkholidays_uid": "blt19c51627168622e0",
    "parkholidays_updated_at": "2022-12-13T13:13:24.705Z",
    "parkleisure_uid": "blteaf40ea4bf22b610",
    "parkleisure_updated_at": "2022-12-13T13:13:25.726Z"
  },
  "177": {
    "id": "177",
    "from": "db.park_facilities",
    "title": "Cabin and Birdwatching Hides",
    "legacy_uid": "bltcce3fbd3ba1f193a",
    "legacy_updated_at": "2022-10-04T15:22:04.420Z",
    "global_uid": "blt6a5d8ddbb0bdb2b9",
    "global_updated_at": "2022-12-13T13:13:13.067Z",
    "parkholidays_uid": "blt10fac0d92de76250",
    "parkholidays_updated_at": "2022-12-13T13:13:14.473Z",
    "parkleisure_uid": "blt3be42cafdd4677a2",
    "parkleisure_updated_at": "2022-12-13T13:13:15.487Z"
  },
  "178": {
    "id": "178",
    "from": "db.park_facilities",
    "title": "Local Town",
    "legacy_uid": "blt4d2d4316b9b5f6b0",
    "legacy_updated_at": "2022-10-04T15:21:31.844Z",
    "global_uid": "blt28cc3ee0f1fbba35",
    "global_updated_at": "2022-12-13T13:16:59.252Z",
    "parkholidays_uid": "blt5d4ac66717008105",
    "parkholidays_updated_at": "2022-12-13T13:17:00.671Z",
    "parkleisure_uid": "bltbb6dc64a3dc067b9",
    "parkleisure_updated_at": "2022-12-13T13:17:01.608Z"
  },
  "183": {
    "id": "183",
    "from": "db.park_facilities",
    "title": "Vineyards",
    "legacy_uid": "blt0f4421a832229fa9",
    "legacy_updated_at": "2022-10-04T15:21:30.377Z",
    "global_uid": "bltf660028943130bd1",
    "global_updated_at": "2022-12-13T13:17:09.619Z",
    "parkholidays_uid": "blt6cc10470dbca99a4",
    "parkholidays_updated_at": "2022-12-13T13:17:10.905Z",
    "parkleisure_uid": "blt257852272a33b0b9",
    "parkleisure_updated_at": "2022-12-13T13:17:11.904Z"
  },
  "184": {
    "id": "184",
    "from": "db.park_facilities",
    "title": "Sightseeing Tours",
    "legacy_uid": "bltefb2c8f5c0f56edc",
    "legacy_updated_at": "2022-10-04T15:22:10.276Z",
    "global_uid": "blt51b7d441144fb9cc",
    "global_updated_at": "2022-12-13T13:12:31.907Z",
    "parkholidays_uid": "blt1839958a85c2377a",
    "parkholidays_updated_at": "2022-12-13T13:12:33.282Z",
    "parkleisure_uid": "blt8832fed4132266e5",
    "parkleisure_updated_at": "2022-12-13T13:12:34.310Z"
  },
  "186": {
    "id": "186",
    "from": "db.park_facilities",
    "title": "Saltwater Bathing Pool",
    "legacy_uid": "blt6200c03e94a87d7d",
    "legacy_updated_at": "2022-10-04T15:21:27.450Z",
    "global_uid": "blt8c68172dfcd389d2",
    "global_updated_at": "2022-12-13T13:17:29.991Z",
    "parkholidays_uid": "blt26584cfe3be16f22",
    "parkholidays_updated_at": "2022-12-13T13:17:31.335Z",
    "parkleisure_uid": "blt231c8ab0227c7f86",
    "parkleisure_updated_at": "2022-12-13T13:17:32.427Z"
  },
  "217": {
    "id": "217",
    "from": "db.park_facilities",
    "title": "Whisky Tour",
    "legacy_uid": "blt8181465da8bf3af1",
    "legacy_updated_at": "2022-10-04T15:21:39.176Z",
    "global_uid": "blte2b6aaf7aa666398",
    "global_updated_at": "2022-12-13T13:16:08.042Z",
    "parkholidays_uid": "bltf4ae8d265345d021",
    "parkholidays_updated_at": "2022-12-13T13:16:09.395Z",
    "parkleisure_uid": "blt7e1aa43430b04a47",
    "parkleisure_updated_at": "2022-12-13T13:16:10.391Z"
  },
  "218": {
    "id": "218",
    "from": "db.park_facilities",
    "title": "Castle Trail",
    "legacy_uid": "blt40214c51888aa7fb",
    "legacy_updated_at": "2022-10-04T15:21:37.697Z",
    "global_uid": "blt945d191427df6810",
    "global_updated_at": "2022-12-13T13:16:18.270Z",
    "parkholidays_uid": "blte23ecaacabbca396",
    "parkholidays_updated_at": "2022-12-13T13:16:19.622Z",
    "parkleisure_uid": "blt43954c0921296abb",
    "parkleisure_updated_at": "2022-12-13T13:16:20.562Z"
  }
}