{
  "18": {
    "id": "18",
    "from": "db.holiday_home_facilities",
    "title": "Assigned Parking",
    "legacy_uid": "blt6635fc83f992713f",
    "legacy_updated_at": "2022-03-23T11:52:00.698Z",
    "global_uid": "blt0138f8c446aebc56",
    "global_updated_at": "2022-12-16T18:02:32.575Z",
    "parkholidays_uid": "blt283a6695d454e295",
    "parkholidays_updated_at": "2022-12-16T17:38:08.160Z",
    "parkleisure_uid": "blt7068732c8c716569",
    "parkleisure_updated_at": "2022-12-16T17:38:09.153Z"
  },
  "26": {
    "id": "26",
    "from": "db.holiday_home_facilities",
    "title": "Safety Checks",
    "legacy_uid": "blt7b8f0a897de366ee",
    "legacy_updated_at": "2022-10-04T19:10:02.758Z",
    "global_uid": "blt19772c2b7e4c1266",
    "global_updated_at": "2022-12-16T18:07:38.406Z",
    "parkleisure_uid": "blt525958bedef04eb3",
    "parkleisure_updated_at": "2022-12-16T17:35:03.777Z",
    "parkholidays_uid": "blt6c4b7bfbbc0b9d48",
    "parkholidays_updated_at": "2022-12-16T17:35:02.778Z"
  },
  "27": {
    "id": "27",
    "from": "db.holiday_home_facilities",
    "title": "Choice Of Pitch",
    "legacy_uid": "bltc1eb755820357357",
    "legacy_updated_at": "2022-03-23T11:52:03.136Z",
    "global_uid": "blt0d57fc842cb6e7a7",
    "global_updated_at": "2022-12-16T18:08:50.491Z",
    "parkleisure_uid": "bltaf8d49a1f6184526",
    "parkleisure_updated_at": "2022-12-16T17:37:58.856Z",
    "parkholidays_uid": "blt128228c752e2875c",
    "parkholidays_updated_at": "2022-12-16T17:37:57.915Z"
  },
  "28": {
    "id": "28",
    "from": "db.holiday_home_facilities",
    "title": "Delivery To Park",
    "legacy_uid": "bltd40a2bedddeafdae",
    "legacy_updated_at": "2022-03-23T11:52:04.365Z",
    "global_uid": "blt60632b0bc1fd8fbd",
    "global_updated_at": "2022-12-16T18:02:12.069Z",
    "parkholidays_uid": "blt7471b243ec346227",
    "parkholidays_updated_at": "2022-12-16T17:37:47.489Z",
    "parkleisure_uid": "blt27780ee05c403c7d",
    "parkleisure_updated_at": "2022-12-16T17:37:48.484Z"
  },
  "30": {
    "id": "30",
    "from": "db.holiday_home_facilities",
    "title": "Front Decking with Steps",
    "legacy_uid": "blte6bad3d25cabb410",
    "legacy_updated_at": "2022-03-23T11:52:05.592Z",
    "global_uid": "blt72e76d261ab3e4e1",
    "global_updated_at": "2022-12-16T18:02:01.810Z",
    "parkholidays_uid": "blt84e7a075fa1b6a67",
    "parkholidays_updated_at": "2022-12-16T17:37:37.249Z",
    "parkleisure_uid": "blt2788e70101076719",
    "parkleisure_updated_at": "2022-12-16T17:37:38.180Z"
  },
  "31": {
    "id": "31",
    "from": "db.holiday_home_facilities",
    "title": "Full Inventory",
    "legacy_uid": "bltde181c6ef28b7b11",
    "legacy_updated_at": "2022-03-23T11:52:06.827Z",
    "global_uid": "bltf6b5a0268d65912a",
    "global_updated_at": "2022-12-16T18:08:40.090Z",
    "parkleisure_uid": "bltec824f28b99af7cf",
    "parkleisure_updated_at": "2022-12-16T17:37:27.873Z",
    "parkholidays_uid": "bltde8aab3b575f42cb",
    "parkholidays_updated_at": "2022-12-16T17:37:26.908Z"
  },
  "33": {
    "id": "33",
    "from": "db.holiday_home_facilities",
    "title": "Side Decking with Steps",
    "legacy_uid": "blt175716149f590f7c",
    "legacy_updated_at": "2022-03-23T11:52:08.036Z",
    "global_uid": "blt9cef3db3ee83458b",
    "global_updated_at": "2022-12-16T18:08:29.862Z",
    "parkleisure_uid": "bltb4ed57246e130c16",
    "parkleisure_updated_at": "2022-12-16T17:37:17.600Z",
    "parkholidays_uid": "bltfd740769484f5195",
    "parkholidays_updated_at": "2022-12-16T17:37:16.615Z"
  },
  "36": {
    "id": "36",
    "from": "db.holiday_home_facilities",
    "title": "Siting, Connection & Transport",
    "legacy_uid": "blt040c599644296029",
    "legacy_updated_at": "2022-03-23T11:52:09.257Z",
    "global_uid": "blt0c4c52cd144e8211",
    "global_updated_at": "2022-12-16T18:01:30.895Z",
    "parkholidays_uid": "blt30800fcdd5051744",
    "parkholidays_updated_at": "2022-12-16T17:37:06.399Z",
    "parkleisure_uid": "bltfd7c6f96ef3bfd1a",
    "parkleisure_updated_at": "2022-12-16T17:37:07.333Z"
  },
  "37": {
    "id": "37",
    "from": "db.holiday_home_facilities",
    "title": "Steps And Handrails",
    "legacy_uid": "blt57520d1bf608a70d",
    "legacy_updated_at": "2022-03-23T11:52:10.458Z",
    "global_uid": "blt60832edfa48d0a77",
    "global_updated_at": "2022-12-16T18:01:20.655Z",
    "parkholidays_uid": "bltac87ccba94c68f5c",
    "parkholidays_updated_at": "2022-12-16T17:36:56.101Z",
    "parkleisure_uid": "blt81eab7a8807db68d",
    "parkleisure_updated_at": "2022-12-16T17:36:57.123Z"
  },
  "38": {
    "id": "38",
    "from": "db.holiday_home_facilities",
    "title": "Storage Box",
    "legacy_uid": "blt09d94f4059d43f45",
    "legacy_updated_at": "2022-03-23T11:52:11.644Z",
    "global_uid": "blt79457be6aed5a311",
    "global_updated_at": "2022-12-16T18:08:19.627Z",
    "parkholidays_uid": "blt2c55e984e963bdcb",
    "parkholidays_updated_at": "2022-12-16T17:36:45.965Z",
    "parkleisure_uid": "blt95967a5776ec1fcb",
    "parkleisure_updated_at": "2022-12-16T17:36:46.904Z"
  },
  "39": {
    "id": "39",
    "from": "db.holiday_home_facilities",
    "title": "TV Aerial",
    "legacy_uid": "blt238ad59cf79c9a59",
    "legacy_updated_at": "2022-03-23T11:52:12.841Z",
    "global_uid": "blt84cc96b6025c8bd9",
    "global_updated_at": "2022-12-16T18:00:59.972Z",
    "parkholidays_uid": "blt5144bdaf475d531e",
    "parkholidays_updated_at": "2022-12-16T17:36:35.495Z",
    "parkleisure_uid": "bltadc2ae089b7d0f1b",
    "parkleisure_updated_at": "2022-12-16T17:36:36.531Z"
  },
  "40": {
    "id": "40",
    "from": "db.holiday_home_facilities",
    "title": "Decking",
    "legacy_uid": "bltaa5504a19c039793",
    "legacy_updated_at": "2022-03-23T11:52:14.046Z",
    "global_uid": "blt03a1abff253aebf8",
    "global_updated_at": "2022-12-16T18:00:49.741Z",
    "parkholidays_uid": "blta9b506ca4a8ea506",
    "parkholidays_updated_at": "2022-12-16T17:36:25.245Z",
    "parkleisure_uid": "blt7835fc6428d2bf1e",
    "parkleisure_updated_at": "2022-12-16T17:36:26.239Z"
  },
  "49": {
    "id": "49",
    "from": "db.holiday_home_facilities",
    "title": "External Side Lockers",
    "legacy_uid": "blt3ef9c386b729abc5",
    "legacy_updated_at": "2022-03-23T11:52:15.241Z",
    "global_uid": "blt8456c4966a2b9e47",
    "global_updated_at": "2022-12-16T18:08:09.314Z",
    "parkleisure_uid": "blt24648f8d2800473d",
    "parkleisure_updated_at": "2022-12-16T17:36:15.939Z",
    "parkholidays_uid": "blta5355b6824056d26",
    "parkholidays_updated_at": "2022-12-16T17:36:14.914Z"
  },
  "64": {
    "id": "64",
    "from": "db.holiday_home_facilities",
    "title": "Two Gas Bottles",
    "legacy_uid": "blt6b10253d88b15f73",
    "legacy_updated_at": "2022-10-03T20:23:18.004Z",
    "global_uid": "bltf3b04d542f1ab4d1",
    "global_updated_at": "2022-12-16T17:59:48.228Z",
    "parkholidays_uid": "bltcd38dee74b2595a4",
    "parkholidays_updated_at": "2022-12-16T17:35:23.086Z",
    "parkleisure_uid": "blt048567749b251517",
    "parkleisure_updated_at": "2022-12-16T17:35:24.121Z"
  },
  "90": {
    "id": "90",
    "from": "db.holiday_home_facilities",
    "title": "Double Parking Bay",
    "legacy_uid": "blt2d27f1b45e0f6431",
    "legacy_updated_at": "2022-03-23T11:52:17.670Z",
    "global_uid": "blt2865eaca93afd6c7",
    "global_updated_at": "2022-12-16T18:07:58.922Z",
    "parkleisure_uid": "blt653b6eb5deb0bcc5",
    "parkleisure_updated_at": "2022-12-16T17:36:05.613Z",
    "parkholidays_uid": "blt389057d5c1c12afc",
    "parkholidays_updated_at": "2022-12-16T17:36:04.587Z"
  },
  "92": {
    "id": "92",
    "from": "db.holiday_home_facilities",
    "title": "Full wrap around decking and skirting",
    "legacy_uid": "blta4571e88e7b81896",
    "legacy_updated_at": "2022-03-23T11:52:18.886Z",
    "global_uid": "blt7398ae9222c88955",
    "global_updated_at": "2022-12-16T18:07:48.792Z",
    "parkleisure_uid": "blt29c3883b3ba5c811",
    "parkleisure_updated_at": "2022-12-16T17:56:51.726Z",
    "parkholidays_uid": "bltd076743be598af29",
    "parkholidays_updated_at": "2022-12-16T17:56:50.702Z"
  },
  "94": {
    "id": "94",
    "from": "db.holiday_home_facilities",
    "title": "Full Skirting",
    "legacy_uid": "bltfe6e09b196609edd",
    "legacy_updated_at": "2022-03-23T11:52:20.085Z",
    "global_uid": "blt3fbd6f34b97a2db0",
    "global_updated_at": "2022-12-16T18:00:08.578Z",
    "parkholidays_uid": "blt0eb837b29fbaf065",
    "parkholidays_updated_at": "2022-12-16T17:35:43.558Z",
    "parkleisure_uid": "blt213ecc1eb39a780a",
    "parkleisure_updated_at": "2022-12-16T17:35:44.557Z"
  },
  "98": {
    "id": "98",
    "from": "db.holiday_home_facilities",
    "title": "2023 FREE Pitch Fees",
    "legacy_uid": "blte6f141412c55d55d",
    "legacy_updated_at": "2022-12-06T13:30:03.065Z",
    "global_uid": "bltb21810e0c1a6ecdc",
    "global_updated_at": "2022-12-16T17:59:06.990Z",
    "parkholidays_uid": "blta293da5ce25d0595",
    "parkholidays_updated_at": "2022-12-16T17:34:42.593Z",
    "parkleisure_uid": "blte622ff080b0bf7ef",
    "parkleisure_updated_at": "2022-12-16T17:34:43.655Z"
  },
  "101": {
    "id": "101",
    "from": "db.holiday_home_facilities",
    "title": "2024 & 2025 Frozen Pitch Fees",
    "legacy_uid": "bltbb2ffce32dba1b26",
    "legacy_updated_at": "2022-10-10T16:50:02.940Z",
    "global_uid": "bltf83822066708ed9b",
    "global_updated_at": "2022-12-16T17:59:17.240Z",
    "parkholidays_uid": "blt249868abc45788af",
    "parkholidays_updated_at": "2022-12-16T17:34:52.278Z",
    "parkleisure_uid": "blt93f4d1d60a9f3728",
    "parkleisure_updated_at": "2022-12-16T17:34:53.275Z"
  },
  "103": {
    "id": "103",
    "from": "contentstack -> holiday_home_facilities",
    "title": "A Superfast Internet Package*",
    "legacy_uid": "blt41bc18089d3ee265",
    "legacy_updated_at": "2022-10-04T18:59:20.317Z",
    "global_uid": "bltf41589b4ad76f8c6",
    "global_updated_at": "2022-12-16T17:59:37.996Z",
    "parkholidays_uid": "blt6666991fd5296436",
    "parkholidays_updated_at": "2022-12-16T17:35:13.004Z",
    "parkleisure_uid": "bltb1261a64f6683b67",
    "parkleisure_updated_at": "2022-12-16T17:35:13.977Z"
  },
  "104": {
    "id": "104",
    "from": "contentstack -> holiday_home_facilities",
    "title": "Hot Tub",
    "legacy_uid": "blt2eb5af004c67bd90",
    "legacy_updated_at": "2022-06-16T16:17:47.495Z",
    "global_uid": "blt3e49864c0b86f14d",
    "global_updated_at": "2022-12-16T17:59:58.367Z",
    "parkholidays_uid": "blt709c700e8c23f019",
    "parkholidays_updated_at": "2022-12-16T17:35:33.272Z",
    "parkleisure_uid": "blt26d158f06a2f3c22",
    "parkleisure_updated_at": "2022-12-16T17:35:34.273Z"
  },
  "lastDeleted": {
    "id": "lastDeleted"
  }
}