{
  "1": {
    "id": "1",
    "from": "db.holiday_home_qualities",
    "title": "New",
    "legacy_uid": "blte4a838668d4e750e",
    "legacy_updated_at": "2022-03-23T11:34:47.953Z",
    "global_uid": "blt09ea72a0f988df8b",
    "global_updated_at": "2022-12-16T17:45:46.760Z",
    "parkholidays_uid": "blt525bda51cd3850a3",
    "parkholidays_updated_at": "2022-12-16T17:45:48.125Z",
    "parkleisure_uid": "blt17d26b05bed16d2c",
    "parkleisure_updated_at": "2022-12-16T17:45:49.064Z"
  },
  "2": {
    "id": "2",
    "from": "db.holiday_home_qualities",
    "title": "Pre-Owned",
    "legacy_uid": "blt7044ee90c3777e79",
    "legacy_updated_at": "2022-03-23T11:34:49.199Z",
    "global_uid": "blt63b2ad0ff994b469",
    "global_updated_at": "2022-12-16T18:27:01.101Z",
    "parkleisure_uid": "blt1571a3b9224395c8",
    "parkleisure_updated_at": "2022-12-16T17:45:38.800Z",
    "parkholidays_uid": "bltf691021257a2bade",
    "parkholidays_updated_at": "2022-12-16T17:45:37.833Z"
  },
  "3": {
    "id": "3",
    "from": "db.holiday_home_qualities",
    "title": "Ex-Demo",
    "legacy_uid": "bltcdaf8503679b2b9d",
    "legacy_updated_at": "2022-03-23T11:34:50.409Z",
    "global_uid": "blt7728b3ee8d5be66f",
    "global_updated_at": "2022-12-16T17:45:26.220Z",
    "parkholidays_uid": "blt64c2845f378c977b",
    "parkholidays_updated_at": "2022-12-16T17:45:27.507Z",
    "parkleisure_uid": "blt9da16a5d6b0436a7",
    "parkleisure_updated_at": "2022-12-16T17:45:28.478Z"
  }
}