{
  "1": {
    "id": "1",
    "from": "db.holiday_home_statuses",
    "title": "For Sale",
    "legacy_uid": "blt1e031b55bc9776b4",
    "legacy_updated_at": "2022-03-23T11:34:51.857Z",
    "global_uid": "blt1671fdf9527151db",
    "global_updated_at": "2022-12-16T17:50:00.161Z",
    "parkholidays_uid": "blt76ad7411735b6447",
    "parkholidays_updated_at": "2022-12-16T17:50:01.395Z",
    "parkleisure_uid": "bltaac25100c9a2c1d5",
    "parkleisure_updated_at": "2022-12-16T17:50:02.472Z"
  },
  "2": {
    "id": "2",
    "from": "db.holiday_home_statuses",
    "title": "Sold",
    "legacy_uid": "blt59ec47f3b1df7ad1",
    "legacy_updated_at": "2022-03-23T11:34:53.072Z",
    "global_uid": "bltf603152f0385bfd5",
    "global_updated_at": "2022-12-16T17:49:49.906Z",
    "parkholidays_uid": "blt2748522fa7357b8c",
    "parkholidays_updated_at": "2022-12-16T17:49:51.241Z",
    "parkleisure_uid": "blt6dfe71fc2153bfdb",
    "parkleisure_updated_at": "2022-12-16T17:49:52.289Z"
  },
  "3": {
    "id": "3",
    "from": "db.holiday_home_statuses",
    "title": "Under Offer",
    "legacy_uid": "blt163b678171cdf03f",
    "legacy_updated_at": "2022-03-23T11:34:54.285Z",
    "global_uid": "blt5b0af8ca82b99fc2",
    "global_updated_at": "2022-12-16T18:37:54.120Z",
    "parkleisure_uid": "blte56c51779ecc0d8f",
    "parkleisure_updated_at": "2022-12-16T17:49:41.881Z",
    "parkholidays_uid": "blt3daed582ee5b7172",
    "parkholidays_updated_at": "2022-12-16T17:49:40.920Z"
  }
}