{
  "1": {
    "id": "1",
    "from": "db.holiday_home_makes",
    "title": "Delta",
    "legacy_uid": "blt58b9fd6394ea5133",
    "legacy_updated_at": "2022-03-23T11:34:59.705Z",
    "global_uid": "blt729e186d69f158d9",
    "global_updated_at": "2022-12-16T17:49:25.844Z",
    "parkholidays_uid": "blt1e10c1df0de9ad8a",
    "parkholidays_updated_at": "2022-12-16T17:49:27.277Z",
    "parkleisure_uid": "blt181303330ab737f3",
    "parkleisure_updated_at": "2022-12-16T17:49:28.166Z"
  },
  "2": {
    "id": "2",
    "from": "db.holiday_home_makes",
    "title": "ABI",
    "legacy_uid": "bltb068aa2fdfcfcdc9",
    "legacy_updated_at": "2022-03-23T11:35:00.943Z",
    "global_uid": "bltba595cf6915602ac",
    "global_updated_at": "2022-12-16T18:32:44.033Z",
    "parkleisure_uid": "blt32e06aa884b6e4b8",
    "parkleisure_updated_at": "2022-12-16T17:49:17.816Z",
    "parkholidays_uid": "blt31e930da0910a3ab",
    "parkholidays_updated_at": "2022-12-16T17:49:16.841Z"
  },
  "3": {
    "id": "3",
    "from": "db.holiday_home_makes",
    "title": "Atlas",
    "legacy_uid": "blt49427ae5b43dcc4e",
    "legacy_updated_at": "2022-03-23T11:35:02.172Z",
    "global_uid": "blt8cd21e2fee2a9a31",
    "global_updated_at": "2022-12-16T18:32:33.758Z",
    "parkleisure_uid": "blt78ab375621ee4088",
    "parkleisure_updated_at": "2022-12-16T17:49:07.601Z",
    "parkholidays_uid": "bltd7f3e7048bc4130f",
    "parkholidays_updated_at": "2022-12-16T17:49:06.576Z"
  },
  "44": {
    "id": "44",
    "from": "db.holiday_home_makes",
    "title": "Classique",
    "legacy_uid": "bltb9924c5baa951657",
    "legacy_updated_at": "2022-03-23T11:35:03.402Z",
    "global_uid": "blt50636a75decaef6c",
    "global_updated_at": "2022-12-16T17:48:54.984Z",
    "parkholidays_uid": "blta200dcc09de49636",
    "parkholidays_updated_at": "2022-12-16T17:48:56.327Z",
    "parkleisure_uid": "blt8f05738bcc3c1802",
    "parkleisure_updated_at": "2022-12-16T17:48:57.302Z"
  },
  "46": {
    "id": "46",
    "from": "db.holiday_home_makes",
    "title": "BK Bluebird",
    "legacy_uid": "bltbd4d7bed70ddac88",
    "legacy_updated_at": "2022-03-23T11:35:04.646Z",
    "global_uid": "bltc591651480b08796",
    "global_updated_at": "2022-12-16T17:48:44.795Z",
    "parkholidays_uid": "blt9f0ba923c498eec1",
    "parkholidays_updated_at": "2022-12-16T17:48:46.111Z",
    "parkleisure_uid": "bltc214fddfc1f866db",
    "parkleisure_updated_at": "2022-12-16T17:48:47.096Z"
  },
  "47": {
    "id": "47",
    "from": "db.holiday_home_makes",
    "title": "Brentmere",
    "legacy_uid": "bltf98a94cd55d83ed0",
    "legacy_updated_at": "2022-03-23T11:35:05.862Z",
    "global_uid": "blt324240a4537ae801",
    "global_updated_at": "2022-12-16T18:32:23.278Z",
    "parkleisure_uid": "blte9d0a8b4cf08c61e",
    "parkleisure_updated_at": "2022-12-16T17:48:36.792Z",
    "parkholidays_uid": "blt8116e0040f188ae1",
    "parkholidays_updated_at": "2022-12-16T17:48:35.802Z"
  },
  "48": {
    "id": "48",
    "from": "db.holiday_home_makes",
    "title": "Carnaby",
    "legacy_uid": "bltdf924ef5c1711376",
    "legacy_updated_at": "2022-03-23T11:35:07.085Z",
    "global_uid": "bltaf0c5f3cbf4883fe",
    "global_updated_at": "2022-12-16T17:48:24.228Z",
    "parkholidays_uid": "blt0ef3597091a7bda7",
    "parkholidays_updated_at": "2022-12-16T17:48:25.436Z",
    "parkleisure_uid": "blt27dcd79ca204c83e",
    "parkleisure_updated_at": "2022-12-16T17:48:26.566Z"
  },
  "49": {
    "id": "49",
    "from": "db.holiday_home_makes",
    "title": "Pathfinder",
    "legacy_uid": "bltabff319b908c7ca1",
    "legacy_updated_at": "2022-03-23T11:35:08.325Z",
    "global_uid": "blt62d61656c0200196",
    "global_updated_at": "2022-12-16T17:48:13.956Z",
    "parkholidays_uid": "bltd6935f1afbd813c8",
    "parkholidays_updated_at": "2022-12-16T17:48:15.316Z",
    "parkleisure_uid": "blt57836f3470c4d224",
    "parkleisure_updated_at": "2022-12-16T17:48:16.276Z"
  },
  "51": {
    "id": "51",
    "from": "db.holiday_home_makes",
    "title": "Cosalt",
    "legacy_uid": "bltc1d1cc8825851c3d",
    "legacy_updated_at": "2022-03-23T11:35:09.568Z",
    "global_uid": "bltc2c8bbd853247aff",
    "global_updated_at": "2022-12-16T17:48:03.736Z",
    "parkholidays_uid": "bltce9b5de1d612a7b9",
    "parkholidays_updated_at": "2022-12-16T17:48:05.020Z",
    "parkleisure_uid": "blt5c0a67ee2a348757",
    "parkleisure_updated_at": "2022-12-16T17:48:06.011Z"
  },
  "52": {
    "id": "52",
    "from": "db.holiday_home_makes",
    "title": "Pemberton",
    "legacy_uid": "bltc81c5b6acbd8618f",
    "legacy_updated_at": "2022-03-23T11:35:10.806Z",
    "global_uid": "bltbbdb273ef594750c",
    "global_updated_at": "2022-12-16T18:32:13.088Z",
    "parkleisure_uid": "blt4a6d89ecd33a40b7",
    "parkleisure_updated_at": "2022-12-16T17:47:55.788Z",
    "parkholidays_uid": "bltfd2f4a61ca214048",
    "parkholidays_updated_at": "2022-12-16T17:47:54.840Z"
  },
  "53": {
    "id": "53",
    "from": "db.holiday_home_makes",
    "title": "Tingdene",
    "legacy_uid": "blte6dc04db3c4b75b3",
    "legacy_updated_at": "2022-03-23T11:35:12.017Z",
    "global_uid": "blt133526cf724f897a",
    "global_updated_at": "2022-12-16T17:47:43.158Z",
    "parkholidays_uid": "blt18cdeb32fbfa91b6",
    "parkholidays_updated_at": "2022-12-16T17:47:44.491Z",
    "parkleisure_uid": "bltb905e67e48126c0f",
    "parkleisure_updated_at": "2022-12-16T17:47:45.497Z"
  },
  "54": {
    "id": "54",
    "from": "db.holiday_home_makes",
    "title": "Willerby",
    "legacy_uid": "blt1a4c803206191782",
    "legacy_updated_at": "2022-03-23T11:35:13.214Z",
    "global_uid": "bltd585132b6e337116",
    "global_updated_at": "2022-12-16T17:47:32.839Z",
    "parkholidays_uid": "blt4c6978648a84ee85",
    "parkholidays_updated_at": "2022-12-16T17:47:34.168Z",
    "parkleisure_uid": "blt2af129e3e647a4cd",
    "parkleisure_updated_at": "2022-12-16T17:47:35.236Z"
  },
  "59": {
    "id": "59",
    "from": "db.holiday_home_makes",
    "title": "Omar",
    "legacy_uid": "blta29002f7f93cd898",
    "legacy_updated_at": "2022-03-23T11:35:14.435Z",
    "global_uid": "blt56929917a28d353e",
    "global_updated_at": "2022-12-16T18:32:02.896Z",
    "parkleisure_uid": "blt9b1dadb0acae310a",
    "parkleisure_updated_at": "2022-12-16T17:47:24.987Z",
    "parkholidays_uid": "blt0011940272a86ea1",
    "parkholidays_updated_at": "2022-12-16T17:47:23.940Z"
  },
  "61": {
    "id": "61",
    "from": "db.holiday_home_makes",
    "title": "Prestige",
    "legacy_uid": "blt1f00043b7acedd8a",
    "legacy_updated_at": "2022-03-23T11:35:15.668Z",
    "global_uid": "blt27639e188d0f8c6d",
    "global_updated_at": "2022-12-16T18:31:52.546Z",
    "parkleisure_uid": "blt9e38bb6f1a793d99",
    "parkleisure_updated_at": "2022-12-16T17:47:14.739Z",
    "parkholidays_uid": "bltfa64202b43b047c0",
    "parkholidays_updated_at": "2022-12-16T17:47:13.718Z"
  },
  "62": {
    "id": "62",
    "from": "db.holiday_home_makes",
    "title": "Regal",
    "legacy_uid": "blt7868674fc3d70fdd",
    "legacy_updated_at": "2022-03-23T11:35:16.928Z",
    "global_uid": "blt6d0d684dd338babc",
    "global_updated_at": "2022-12-16T17:47:02.119Z",
    "parkholidays_uid": "blt43af28380c1d3503",
    "parkholidays_updated_at": "2022-12-16T17:47:03.520Z",
    "parkleisure_uid": "blt82a80af21e8d9299",
    "parkleisure_updated_at": "2022-12-16T17:47:04.472Z"
  },
  "64": {
    "id": "64",
    "from": "db.holiday_home_makes",
    "title": "Swift",
    "legacy_uid": "blt8bf25f10324bcd87",
    "legacy_updated_at": "2022-03-23T11:35:18.153Z",
    "global_uid": "bltf9fc649f1c6be130",
    "global_updated_at": "2022-12-16T18:31:42.259Z",
    "parkholidays_uid": "blt46e842f4c4e2b645",
    "parkholidays_updated_at": "2022-12-16T18:30:14.451Z",
    "parkleisure_uid": "blt052e1309e0c91f88",
    "parkleisure_updated_at": "2022-12-16T18:30:15.453Z"
  },
  "65": {
    "id": "65",
    "from": "db.holiday_home_makes",
    "title": "Victory",
    "legacy_uid": "blt548c4a46ebb682c1",
    "legacy_updated_at": "2022-03-23T11:35:19.397Z",
    "global_uid": "blt0010a89fbf1e9ae4",
    "global_updated_at": "2022-12-16T18:31:32.020Z",
    "parkleisure_uid": "blta5390b43a3176ae7",
    "parkleisure_updated_at": "2022-12-16T17:46:43.552Z",
    "parkholidays_uid": "blt96d74ed4cf2d651f",
    "parkholidays_updated_at": "2022-12-16T17:46:42.627Z"
  },
  "68": {
    "id": "68",
    "from": "db.holiday_home_makes",
    "title": "Sunseeker",
    "legacy_uid": "blt02b4d7644692ef8a",
    "legacy_updated_at": "2022-03-23T11:35:20.644Z",
    "global_uid": "bltd4be83983af6a700",
    "global_updated_at": "2022-12-16T17:46:31.127Z",
    "parkholidays_uid": "blt6683d35759ca9d55",
    "parkholidays_updated_at": "2022-12-16T17:46:32.426Z",
    "parkleisure_uid": "bltece7aea09eed7410",
    "parkleisure_updated_at": "2022-12-16T17:46:33.444Z"
  },
  "74": {
    "id": "74",
    "from": "db.holiday_home_makes",
    "title": "Homeseeker",
    "legacy_uid": "blta52d52adcb47b527",
    "legacy_updated_at": "2022-03-23T11:35:21.850Z",
    "global_uid": "bltd578a412fe89e05f",
    "global_updated_at": "2022-12-16T17:46:20.904Z",
    "parkholidays_uid": "blt74019a2897d9ff59",
    "parkholidays_updated_at": "2022-12-16T17:46:22.196Z",
    "parkleisure_uid": "bltc00de3969beb6dc8",
    "parkleisure_updated_at": "2022-12-16T17:46:23.301Z"
  },
  "79": {
    "id": "79",
    "from": "db.holiday_home_makes",
    "title": "Stellar",
    "legacy_uid": "blt199182cc5b6d43c2",
    "legacy_updated_at": "2022-03-23T11:35:23.081Z",
    "global_uid": "blt31b9b6913f7f06a8",
    "global_updated_at": "2022-12-16T17:46:10.730Z",
    "parkholidays_uid": "blt28129e77cde89ef4",
    "parkholidays_updated_at": "2022-12-16T17:46:12.018Z",
    "parkleisure_uid": "bltdce9c5ad76ca9bbb",
    "parkleisure_updated_at": "2022-12-16T17:46:12.985Z"
  },
  "80": {
    "id": "80",
    "from": "db.holiday_home_makes",
    "title": "Carabuild",
    "legacy_uid": "bltd4df28140c45838e",
    "legacy_updated_at": "2022-07-25T14:50:00.335Z",
    "global_uid": "blt80e4ed019439919f",
    "global_updated_at": "2022-12-16T18:31:21.552Z",
    "parkleisure_uid": "blt2c6afec5c8a1786f",
    "parkleisure_updated_at": "2022-12-16T17:46:02.788Z",
    "parkholidays_uid": "blta39a57097cfa4c08",
    "parkholidays_updated_at": "2022-12-16T17:46:01.804Z"
  },
  "lastDeleted": {
    "id": "lastDeleted"
  }
}