{
  "1": {
    "id": "1",
    "from": "db.holiday_home_facilities",
    "title": "Bath",
    "legacy_uid": "bltef1a64b4c820963c",
    "legacy_updated_at": "2022-03-23T11:51:13.311Z",
    "global_uid": "bltf241fe62ca8d52a8",
    "global_updated_at": "2022-12-16T18:20:55.932Z",
    "parkleisure_uid": "blt3e8c59cce673ed99",
    "parkleisure_updated_at": "2022-12-16T17:45:14.789Z",
    "parkholidays_uid": "blt17f9dc6293da4ab1",
    "parkholidays_updated_at": "2022-12-16T17:45:13.796Z"
  },
  "2": {
    "id": "2",
    "from": "db.holiday_home_facilities",
    "title": "Bedroom Electric Heaters",
    "legacy_uid": "blt279cc66a85cf8e23",
    "legacy_updated_at": "2022-03-23T11:51:14.522Z",
    "global_uid": "blt9a039eb05d233824",
    "global_updated_at": "2022-12-16T18:20:45.788Z",
    "parkholidays_uid": "bltfc9a59706e2879b5",
    "parkholidays_updated_at": "2022-12-16T17:45:03.548Z",
    "parkleisure_uid": "blt9a0b5bf2343fd686",
    "parkleisure_updated_at": "2022-12-16T17:45:04.573Z"
  },
  "3": {
    "id": "3",
    "from": "db.holiday_home_facilities",
    "title": "Blown Air Heating Throughout",
    "legacy_uid": "blt5ab687c08450a4d0",
    "legacy_updated_at": "2022-10-11T15:08:28.335Z",
    "global_uid": "blt3b272d152f84a6c5",
    "global_updated_at": "2022-12-16T18:14:04.921Z",
    "parkholidays_uid": "blt62b2e59f47dd98ae",
    "parkholidays_updated_at": "2022-12-16T17:38:22.053Z",
    "parkleisure_uid": "blt7e287a3b14052a9a",
    "parkleisure_updated_at": "2022-12-16T17:38:23.015Z"
  },
  "4": {
    "id": "4",
    "from": "db.holiday_home_facilities",
    "title": "Double Glazing",
    "legacy_uid": "blt7e97b716372b5e60",
    "legacy_updated_at": "2022-03-23T11:51:16.968Z",
    "global_uid": "bltea4c18828f124dd5",
    "global_updated_at": "2022-12-16T18:20:35.463Z",
    "parkholidays_uid": "blt24abdfb0849c4eb7",
    "parkholidays_updated_at": "2022-12-16T17:44:53.220Z",
    "parkleisure_uid": "blte4e1fa0a65bded54",
    "parkleisure_updated_at": "2022-12-16T17:44:54.187Z"
  },
  "5": {
    "id": "5",
    "from": "db.holiday_home_facilities",
    "title": "Electric Heating",
    "legacy_uid": "blteb974fd36d1f818c",
    "legacy_updated_at": "2022-03-23T11:51:18.203Z",
    "global_uid": "blt50267f4f5e006529",
    "global_updated_at": "2022-12-16T18:20:25.143Z",
    "parkholidays_uid": "blte0a7a97d3fd8bc6a",
    "parkholidays_updated_at": "2022-12-16T17:44:43.020Z",
    "parkleisure_uid": "bltd571dbc2a58c394e",
    "parkleisure_updated_at": "2022-12-16T17:44:43.970Z"
  },
  "6": {
    "id": "6",
    "from": "db.holiday_home_facilities",
    "title": "En-suite Bath",
    "legacy_uid": "bltf2e40e9a61310bdb",
    "legacy_updated_at": "2022-03-23T11:51:19.417Z",
    "global_uid": "bltfcd8f05c01441039",
    "global_updated_at": "2022-12-16T18:20:14.840Z",
    "parkleisure_uid": "blt5e6ef28cdf876fb8",
    "parkleisure_updated_at": "2022-12-16T17:44:33.803Z",
    "parkholidays_uid": "bltc12da62514e1980e",
    "parkholidays_updated_at": "2022-12-16T17:44:32.838Z"
  },
  "7": {
    "id": "7",
    "from": "db.holiday_home_facilities",
    "title": "Extra Insulation",
    "legacy_uid": "bltd60a4d5302b388fb",
    "legacy_updated_at": "2022-03-23T11:51:20.598Z",
    "global_uid": "blt483450bae91a1257",
    "global_updated_at": "2022-12-16T18:20:04.493Z",
    "parkholidays_uid": "blt26cdf006c803f7d3",
    "parkholidays_updated_at": "2022-12-16T18:11:26.729Z",
    "parkleisure_uid": "blt24b50fd6e3fc741a",
    "parkleisure_updated_at": "2022-12-16T18:11:27.762Z"
  },
  "8": {
    "id": "8",
    "from": "db.holiday_home_facilities",
    "title": "Free Standing Suite",
    "legacy_uid": "blt1cb2b7b9dfe18bb4",
    "legacy_updated_at": "2022-03-23T11:51:21.842Z",
    "global_uid": "blt0260a649c2e194c9",
    "global_updated_at": "2022-12-16T18:19:54.216Z",
    "parkholidays_uid": "bltdae1e77aa7e21182",
    "parkholidays_updated_at": "2022-12-16T17:44:11.985Z",
    "parkleisure_uid": "blt40710ebf56d9f096",
    "parkleisure_updated_at": "2022-12-16T17:44:13.042Z"
  },
  "9": {
    "id": "9",
    "from": "db.holiday_home_facilities",
    "title": "Fridge",
    "legacy_uid": "bltad7e681c12841e15",
    "legacy_updated_at": "2022-03-23T11:51:23.092Z",
    "global_uid": "blt90112f3d5f85921f",
    "global_updated_at": "2022-12-16T18:19:44.030Z",
    "parkleisure_uid": "bltc9b3da9bcef3efe6",
    "parkleisure_updated_at": "2022-12-16T17:44:02.719Z",
    "parkholidays_uid": "bltd5ee59329e52df6b",
    "parkholidays_updated_at": "2022-12-16T17:44:01.720Z"
  },
  "10": {
    "id": "10",
    "from": "db.holiday_home_facilities",
    "title": "Fridge Freezer",
    "legacy_uid": "bltc8febd4a5ae4488b",
    "legacy_updated_at": "2022-03-23T11:51:24.324Z",
    "global_uid": "bltbc578554e2f44f6f",
    "global_updated_at": "2022-12-16T18:19:33.772Z",
    "parkholidays_uid": "blt736c4a2a94ddbca6",
    "parkholidays_updated_at": "2022-12-16T17:43:51.354Z",
    "parkleisure_uid": "blt01f8a550ccc55607",
    "parkleisure_updated_at": "2022-12-16T17:43:52.380Z"
  },
  "11": {
    "id": "11",
    "from": "db.holiday_home_facilities",
    "title": "Gas Fire",
    "legacy_uid": "blt7c7917becc5b0533",
    "legacy_updated_at": "2022-03-23T11:51:25.558Z",
    "global_uid": "blta81dfd22bc093030",
    "global_updated_at": "2022-12-16T18:19:23.513Z",
    "parkholidays_uid": "blt9d84ed74f8b7b9d6",
    "parkholidays_updated_at": "2022-12-16T17:43:41.144Z",
    "parkleisure_uid": "blt6e04181aa8141757",
    "parkleisure_updated_at": "2022-12-16T17:43:42.164Z"
  },
  "12": {
    "id": "12",
    "from": "db.holiday_home_facilities",
    "title": "Gas System",
    "legacy_uid": "blt7541094e81994384",
    "legacy_updated_at": "2022-03-23T11:51:26.793Z",
    "global_uid": "blt2720dbee9e0a9339",
    "global_updated_at": "2022-12-16T18:19:13.283Z",
    "parkholidays_uid": "blt1929f07ec42e9e7a",
    "parkholidays_updated_at": "2022-12-16T17:43:31.022Z",
    "parkleisure_uid": "blt427e7577b316ec5c",
    "parkleisure_updated_at": "2022-12-16T17:43:31.949Z"
  },
  "15": {
    "id": "15",
    "from": "db.holiday_home_facilities",
    "title": "Ideal For Letting",
    "legacy_uid": "bltfb8e809b566e3b2d",
    "legacy_updated_at": "2022-03-23T11:51:28.016Z",
    "global_uid": "blt28b22abb616b44d1",
    "global_updated_at": "2022-12-16T18:19:02.958Z",
    "parkleisure_uid": "blt617fc264e9ac5d34",
    "parkleisure_updated_at": "2022-12-16T17:43:21.742Z",
    "parkholidays_uid": "blt62981894fea2bef3",
    "parkholidays_updated_at": "2022-12-16T17:43:20.639Z"
  },
  "16": {
    "id": "16",
    "from": "db.holiday_home_facilities",
    "title": "Mains LPG",
    "legacy_uid": "blt77d74385be92cfb6",
    "legacy_updated_at": "2022-03-23T11:51:29.227Z",
    "global_uid": "blte15bc643ebe76e29",
    "global_updated_at": "2022-12-16T18:18:52.709Z",
    "parkholidays_uid": "bltf9a35578dfd3afa9",
    "parkholidays_updated_at": "2022-12-16T17:43:10.392Z",
    "parkleisure_uid": "bltf34b7c6baf713472",
    "parkleisure_updated_at": "2022-12-16T17:43:11.423Z"
  },
  "17": {
    "id": "17",
    "from": "db.holiday_home_facilities",
    "title": "Microwave",
    "legacy_uid": "blteadd9b3f73cdc543",
    "legacy_updated_at": "2022-03-23T11:51:30.440Z",
    "global_uid": "bltc2a489a36cdde480",
    "global_updated_at": "2022-12-16T18:18:42.472Z",
    "parkholidays_uid": "bltb27157de9d0ad594",
    "parkholidays_updated_at": "2022-12-16T17:43:00.146Z",
    "parkleisure_uid": "bltdbc5deac3da8f6eb",
    "parkleisure_updated_at": "2022-12-16T17:43:01.119Z"
  },
  "19": {
    "id": "19",
    "from": "db.holiday_home_facilities",
    "title": "Patio Doors",
    "legacy_uid": "bltc6e8289b833743a9",
    "legacy_updated_at": "2022-03-23T11:51:31.649Z",
    "global_uid": "blt57eed870aaa8ef27",
    "global_updated_at": "2022-12-16T18:18:32.184Z",
    "parkleisure_uid": "blt854f221c8c22751e",
    "parkleisure_updated_at": "2022-12-16T17:42:50.809Z",
    "parkholidays_uid": "blt7ac3a7c9b8a423af",
    "parkholidays_updated_at": "2022-12-16T17:42:49.857Z"
  },
  "20": {
    "id": "20",
    "from": "db.holiday_home_facilities",
    "title": "Radiator C Heating",
    "legacy_uid": "bltdc723ed86714f484",
    "legacy_updated_at": "2022-03-23T11:51:32.884Z",
    "global_uid": "blt0abfd022e9a3ad53",
    "global_updated_at": "2022-12-16T18:18:21.814Z",
    "parkholidays_uid": "blt9fc10d1bc21eecef",
    "parkholidays_updated_at": "2022-12-16T18:11:44.573Z",
    "parkleisure_uid": "blt9db86b6731ed178d",
    "parkleisure_updated_at": "2022-12-16T18:11:45.678Z"
  },
  "21": {
    "id": "21",
    "from": "db.holiday_home_facilities",
    "title": "Screening",
    "legacy_uid": "blt074d4621980cf62b",
    "legacy_updated_at": "2022-03-23T11:51:34.123Z",
    "global_uid": "blt548723a2fa0429b3",
    "global_updated_at": "2022-12-16T18:18:11.548Z",
    "parkholidays_uid": "blt037614f7d78df275",
    "parkholidays_updated_at": "2022-12-16T17:42:28.955Z",
    "parkleisure_uid": "blt47bfd124f3687c96",
    "parkleisure_updated_at": "2022-12-16T17:42:30.032Z"
  },
  "22": {
    "id": "22",
    "from": "db.holiday_home_facilities",
    "title": "Security Alarm",
    "legacy_uid": "blt532a62cbac71b898",
    "legacy_updated_at": "2022-03-23T11:51:35.347Z",
    "global_uid": "blt9f759eaed1ee716f",
    "global_updated_at": "2022-12-16T18:18:01.369Z",
    "parkleisure_uid": "bltc912f1cc94e05cd3",
    "parkleisure_updated_at": "2022-12-16T17:42:19.571Z",
    "parkholidays_uid": "bltc9086bc9fb95bbe4",
    "parkholidays_updated_at": "2022-12-16T17:42:18.552Z"
  },
  "23": {
    "id": "23",
    "from": "db.holiday_home_facilities",
    "title": "Shower",
    "legacy_uid": "bltef977b3332a7d3d4",
    "legacy_updated_at": "2022-03-23T11:51:36.576Z",
    "global_uid": "bltc7017e7a04c17b45",
    "global_updated_at": "2022-12-16T18:17:50.997Z",
    "parkholidays_uid": "blte53e63fa138fceb4",
    "parkholidays_updated_at": "2022-12-16T17:42:08.449Z",
    "parkleisure_uid": "bltf7fb00a90a3c0618",
    "parkleisure_updated_at": "2022-12-16T17:42:09.427Z"
  },
  "24": {
    "id": "24",
    "from": "db.holiday_home_facilities",
    "title": "Sofa Bed In Lounge",
    "legacy_uid": "bltf6167c7fe5e078f1",
    "legacy_updated_at": "2022-03-23T11:51:37.777Z",
    "global_uid": "bltc472a5928c04e18f",
    "global_updated_at": "2022-12-16T18:17:40.837Z",
    "parkholidays_uid": "bltf7795a1938510ad8",
    "parkholidays_updated_at": "2022-12-16T17:41:58.127Z",
    "parkleisure_uid": "bltdebc5ee903a50bcc",
    "parkleisure_updated_at": "2022-12-16T17:41:59.218Z"
  },
  "25": {
    "id": "25",
    "from": "db.holiday_home_facilities",
    "title": "Separate Toilet",
    "legacy_uid": "blt58777d642bca610c",
    "legacy_updated_at": "2022-03-23T11:51:38.983Z",
    "global_uid": "blt83750eb094a25e98",
    "global_updated_at": "2022-12-16T18:17:30.604Z",
    "parkholidays_uid": "blt2dcfec5950306f0d",
    "parkholidays_updated_at": "2022-12-16T17:41:47.951Z",
    "parkleisure_uid": "blt6ceaa3e1dd202eed",
    "parkleisure_updated_at": "2022-12-16T17:41:48.983Z"
  },
  "29": {
    "id": "29",
    "from": "db.holiday_home_facilities",
    "title": "DVD Player",
    "legacy_uid": "blt9979257c03a130f4",
    "legacy_updated_at": "2022-03-23T11:51:40.187Z",
    "global_uid": "blt48b5249fb2c830b0",
    "global_updated_at": "2022-12-16T18:17:20.334Z",
    "parkleisure_uid": "blt092351986a51b406",
    "parkleisure_updated_at": "2022-12-16T17:41:38.682Z",
    "parkholidays_uid": "blt0df65421c3ed7b41",
    "parkholidays_updated_at": "2022-12-16T17:41:37.684Z"
  },
  "41": {
    "id": "41",
    "from": "db.holiday_home_facilities",
    "title": "En-suite Shower",
    "legacy_uid": "blt9b9035217d9d177a",
    "legacy_updated_at": "2022-03-23T11:51:41.395Z",
    "global_uid": "blt34068650d9299ceb",
    "global_updated_at": "2022-12-16T18:17:09.926Z",
    "parkholidays_uid": "blt20775524149baf00",
    "parkholidays_updated_at": "2022-12-16T17:41:27.370Z",
    "parkleisure_uid": "blt8f39bbcedcbaf05f",
    "parkleisure_updated_at": "2022-12-16T17:41:28.405Z"
  },
  "42": {
    "id": "42",
    "from": "db.holiday_home_facilities",
    "title": "En-suite Toilet",
    "legacy_uid": "blt9a4b0cb898942e83",
    "legacy_updated_at": "2022-03-23T11:51:42.614Z",
    "global_uid": "bltd4ab2413a190e443",
    "global_updated_at": "2022-12-16T18:16:59.700Z",
    "parkholidays_uid": "blt62cf6b33843ee61b",
    "parkholidays_updated_at": "2022-12-16T17:41:17.171Z",
    "parkleisure_uid": "blt9aab5c8180421432",
    "parkleisure_updated_at": "2022-12-16T17:41:18.223Z"
  },
  "43": {
    "id": "43",
    "from": "db.holiday_home_facilities",
    "title": "Pitched Tiled Roof",
    "legacy_uid": "blt7800f66a4ad0a7e4",
    "legacy_updated_at": "2022-03-23T11:51:43.808Z",
    "global_uid": "blt89db00dbaa0e5fa1",
    "global_updated_at": "2022-12-16T18:16:49.197Z",
    "parkleisure_uid": "blt46f3496c635b148b",
    "parkleisure_updated_at": "2022-12-16T17:41:07.745Z",
    "parkholidays_uid": "blt01636ed5dd835bf4",
    "parkholidays_updated_at": "2022-12-16T17:41:06.820Z"
  },
  "44": {
    "id": "44",
    "from": "db.holiday_home_facilities",
    "title": "Air Conditioning",
    "legacy_uid": "bltdca0d93cceeaf230",
    "legacy_updated_at": "2022-04-06T07:33:08.047Z",
    "global_uid": "blte1865a24521b8ae8",
    "global_updated_at": "2022-12-16T18:14:46.054Z",
    "parkholidays_uid": "bltd05dc147b1b06979",
    "parkholidays_updated_at": "2022-12-16T17:39:03.219Z",
    "parkleisure_uid": "blt00de178d1851baee",
    "parkleisure_updated_at": "2022-12-16T17:39:04.185Z"
  },
  "46": {
    "id": "46",
    "from": "db.holiday_home_facilities",
    "title": "Cooker",
    "legacy_uid": "bltfd401771c5f21a23",
    "legacy_updated_at": "2022-03-23T11:51:46.214Z",
    "global_uid": "blte627362e951a23d3",
    "global_updated_at": "2022-12-16T18:16:38.914Z",
    "parkholidays_uid": "bltcd7966691a1a5f1e",
    "parkholidays_updated_at": "2022-12-16T17:40:56.495Z",
    "parkleisure_uid": "blta4d02dec52be69d1",
    "parkleisure_updated_at": "2022-12-16T17:40:57.564Z"
  },
  "47": {
    "id": "47",
    "from": "db.holiday_home_facilities",
    "title": "Dishwasher",
    "legacy_uid": "bltac548532257dbe8c",
    "legacy_updated_at": "2022-03-23T11:51:47.393Z",
    "global_uid": "blta65f5a441943d63a",
    "global_updated_at": "2022-12-16T18:16:28.759Z",
    "parkholidays_uid": "blt36f6c2a77978fdbc",
    "parkholidays_updated_at": "2022-12-16T17:40:46.258Z",
    "parkleisure_uid": "blt538e4b0c2ed5f0dd",
    "parkleisure_updated_at": "2022-12-16T17:40:47.237Z"
  },
  "52": {
    "id": "52",
    "from": "db.holiday_home_facilities",
    "title": "Wheelchair Accessible",
    "legacy_uid": "blt7f76465633627fa6",
    "legacy_updated_at": "2022-03-23T11:51:48.624Z",
    "global_uid": "bltc46528ba54d0cccb",
    "global_updated_at": "2022-12-16T18:16:18.468Z",
    "parkholidays_uid": "blt655ac2704ea2f5ee",
    "parkholidays_updated_at": "2022-12-16T17:40:35.976Z",
    "parkleisure_uid": "blt29d155abbc754efa",
    "parkleisure_updated_at": "2022-12-16T17:40:36.889Z"
  },
  "56": {
    "id": "56",
    "from": "db.holiday_home_facilities",
    "title": "Satellite Dish",
    "legacy_uid": "blte65b195df3fa3c15",
    "legacy_updated_at": "2022-03-23T11:51:49.839Z",
    "global_uid": "bltba90ee8e8f33089a",
    "global_updated_at": "2022-12-16T18:16:08.116Z",
    "parkholidays_uid": "blta8aecff63d17f4fe",
    "parkholidays_updated_at": "2022-12-16T17:40:25.505Z",
    "parkleisure_uid": "blt5ee245df58212afd",
    "parkleisure_updated_at": "2022-12-16T17:40:26.530Z"
  },
  "57": {
    "id": "57",
    "from": "db.holiday_home_facilities",
    "title": "Separate Shower",
    "legacy_uid": "blt454292ff2507d41e",
    "legacy_updated_at": "2022-03-23T11:51:51.055Z",
    "global_uid": "bltd7540b40133dbe39",
    "global_updated_at": "2022-12-16T18:15:57.921Z",
    "parkholidays_uid": "blte955e4bf5ac72ca6",
    "parkholidays_updated_at": "2022-12-16T17:40:15.369Z",
    "parkleisure_uid": "blt47bed5eaf174de42",
    "parkleisure_updated_at": "2022-12-16T17:40:16.256Z"
  },
  "59": {
    "id": "59",
    "from": "db.holiday_home_facilities",
    "title": "Tumble Dryer",
    "legacy_uid": "blt507b3fd948db8ba1",
    "legacy_updated_at": "2022-03-23T11:51:52.257Z",
    "global_uid": "blt4ed4e75c7ac5fd07",
    "global_updated_at": "2022-12-16T18:15:47.784Z",
    "parkholidays_uid": "bltcace88f65735dff9",
    "parkholidays_updated_at": "2022-12-16T17:40:04.953Z",
    "parkleisure_uid": "blt8371fdf4d232315e",
    "parkleisure_updated_at": "2022-12-16T17:40:05.947Z"
  },
  "60": {
    "id": "60",
    "from": "db.holiday_home_facilities",
    "title": "TV",
    "legacy_uid": "blt179fd3da0c5dc3b1",
    "legacy_updated_at": "2022-03-23T11:51:53.459Z",
    "global_uid": "bltdabcab75bab5cc2c",
    "global_updated_at": "2022-12-16T18:15:37.480Z",
    "parkleisure_uid": "blt4eb24a87fff2e6a4",
    "parkleisure_updated_at": "2022-12-16T17:39:55.692Z",
    "parkholidays_uid": "blt4d4815e3a5b375fb",
    "parkholidays_updated_at": "2022-12-16T17:39:54.686Z"
  },
  "61": {
    "id": "61",
    "from": "db.holiday_home_facilities",
    "title": "Washing Machine",
    "legacy_uid": "blt3c2b47481caf3944",
    "legacy_updated_at": "2022-03-23T11:51:54.689Z",
    "global_uid": "bltf9be2a0631df6b49",
    "global_updated_at": "2022-12-16T18:15:27.258Z",
    "parkholidays_uid": "bltc3241971ec82dc05",
    "parkholidays_updated_at": "2022-12-16T17:39:44.486Z",
    "parkleisure_uid": "blt8f9a81c384f1b166",
    "parkleisure_updated_at": "2022-12-16T17:39:45.632Z"
  },
  "62": {
    "id": "62",
    "from": "db.holiday_home_facilities",
    "title": "Central Heating",
    "legacy_uid": "blt66678ebca97bd9d7",
    "legacy_updated_at": "2022-03-23T11:51:55.916Z",
    "global_uid": "blt4acd68201e1434bd",
    "global_updated_at": "2022-12-16T18:15:16.947Z",
    "parkholidays_uid": "blt94628d7dee78f004",
    "parkholidays_updated_at": "2022-12-16T17:39:34.080Z",
    "parkleisure_uid": "blt223f4292ad517b58",
    "parkleisure_updated_at": "2022-12-16T17:39:35.044Z"
  },
  "88": {
    "id": "88",
    "from": "db.holiday_home_facilities",
    "title": "Outside Tap",
    "legacy_uid": "bltd34be76ec820b00e",
    "legacy_updated_at": "2022-03-23T11:51:57.150Z",
    "global_uid": "blt523a87880070f81a",
    "global_updated_at": "2022-12-16T18:15:06.651Z",
    "parkleisure_uid": "bltfd1e10999536b70e",
    "parkleisure_updated_at": "2022-12-16T17:39:24.703Z",
    "parkholidays_uid": "blt43202ce3f39ab2a5",
    "parkholidays_updated_at": "2022-12-16T17:39:23.663Z"
  },
  "89": {
    "id": "89",
    "from": "db.holiday_home_facilities",
    "title": "Pipe Lagging",
    "legacy_uid": "blt7f6fb42c9a9f8a59",
    "legacy_updated_at": "2022-03-23T11:51:58.352Z",
    "global_uid": "blt01814162fc98f351",
    "global_updated_at": "2022-12-16T18:14:56.415Z",
    "parkholidays_uid": "blte3f806055fb8f172",
    "parkholidays_updated_at": "2022-12-16T17:39:13.571Z",
    "parkleisure_uid": "blt8cc74676afce7fef",
    "parkleisure_updated_at": "2022-12-16T17:39:14.547Z"
  },
  "99": {
    "id": "99",
    "from": "db.holiday_home_facilities",
    "title": "Washer/Dryer Combined",
    "legacy_uid": "blt844dbb884ddd363e",
    "legacy_updated_at": "2022-09-20T15:30:02.922Z",
    "global_uid": "blted74d536a950e768",
    "global_updated_at": "2022-12-16T18:14:25.447Z",
    "parkholidays_uid": "blte735218145660bbf",
    "parkholidays_updated_at": "2022-12-16T17:38:42.480Z",
    "parkleisure_uid": "blt3a69f656f64eff21",
    "parkleisure_updated_at": "2022-12-16T17:38:43.505Z"
  },
  "100": {
    "id": "100",
    "from": "db.holiday_home_facilities",
    "title": "Bluetooth Sound System",
    "legacy_uid": "blt37980deceeec4537",
    "legacy_updated_at": "2022-09-20T15:30:04.426Z",
    "global_uid": "blt45fac347a125adad",
    "global_updated_at": "2022-12-16T18:14:15.226Z",
    "parkholidays_uid": "blt9a8564c9c2fa56c2",
    "parkholidays_updated_at": "2022-12-16T17:38:32.390Z",
    "parkleisure_uid": "bltfaf83f3f0a52cca0",
    "parkleisure_updated_at": "2022-12-16T17:38:33.258Z"
  },
  "102": {
    "id": "102",
    "from": "contentstack -> holiday_home_facilities",
    "title": "Wall Mounted Flat Screen",
    "legacy_uid": "blt93354e6e9721732e",
    "legacy_updated_at": "2022-06-16T16:12:28.030Z",
    "global_uid": "blt16f33e26c96a27c0",
    "global_updated_at": "2022-12-16T18:14:35.616Z",
    "parkleisure_uid": "blt9377eb149ef33ce1",
    "parkleisure_updated_at": "2022-12-16T17:38:53.832Z",
    "parkholidays_uid": "blt5a65183309d96c6a",
    "parkholidays_updated_at": "2022-12-16T17:38:52.771Z"
  },
  "lastDeleted": {
    "id": "lastDeleted"
  }
}